transaction_id,date_id,customer_id,product_id,quantity,sales_amount
1,139,139,30,4,8994.38
2,511,110,49,3,642.16
3,259,192,16,2,4181.07
4,673,136,7,3,4389.04
5,690,93,16,2,4069.66
6,10,94,35,3,4034.9
7,261,56,16,2,3817.73
8,650,60,40,3,4083.29
9,172,138,12,2,1434.72
10,13,39,35,4,7412.25
11,168,28,49,2,431.42
12,642,49,21,3,1445.09
13,596,164,50,2,2397.41
14,321,125,43,1,1841.98
15,319,13,36,2,1014.44
16,613,36,48,3,1198.68
17,329,101,17,1,1505.02
18,550,26,32,3,2459.9
19,419,86,41,3,3667.9
20,606,4,6,1,905.49
21,95,82,24,2,1184.44
22,581,192,27,3,509.98
23,318,166,20,1,283.83
24,236,127,25,5,1893.62
25,334,88,2,5,5645.51
26,376,127,9,2,1568.84
27,459,120,28,3,3544.48
28,137,22,38,4,37092.95
29,588,130,3,5,7512.39
30,547,31,20,4,1268.07
31,513,119,6,2,2077.43
32,296,11,39,4,7951.71
33,320,46,33,2,3946.75
34,572,96,1,2,2023.54
35,349,190,37,2,27795.38
36,229,197,6,4,3951.56
37,270,192,45,1,623.81
38,291,10,34,4,7007.03
39,725,168,47,1,1051.39
40,165,128,15,3,1645.39
41,5,152,45,1,721.17
42,379,99,26,1,1778.25
43,78,172,14,1,1017.47
44,410,112,7,2,2579.95
45,574,60,46,2,1352.5
46,132,190,31,4,785.01
47,601,87,24,2,1400.53
48,42,145,31,1,236.37
49,89,65,29,4,3062.97
50,402,57,42,3,1719.94
51,296,183,32,2,1574.35
52,295,106,17,2,2439.68
53,616,181,14,4,80000.0
54,526,184,40,4,4383.29
55,691,9,36,2,1083.58
56,637,22,48,3,1453.86
57,422,141,24,4,2119.79
58,23,89,45,3,1745.31
59,575,176,27,2,384.1
60,143,18,25,3,1133.98
61,665,115,32,2,1769.75
62,145,168,18,3,1446.78
63,225,145,46,5,4379.76
64,503,143,18,2,946.96
65,616,106,37,1,16736.24
66,104,15,26,2,3465.35
67,39,63,9,5,3917.44
68,198,167,35,3,5163.75
69,646,13,8,1,1470.7
70,579,81,20,2,644.08
71,391,32,42,1,607.49
72,179,137,22,4,1242.65
73,554,40,19,2,415.79
74,448,148,30,3,5711.81
75,500,82,28,3,3568.14
76,15,77,35,4,6553.25
77,623,191,43,3,4696.18
78,669,76,11,2,1016.5
79,289,172,31,5,1249.92
80,478,38,49,3,746.22
81,231,188,48,3,1353.82
82,420,71,39,2,4434.07
83,157,48,36,5,2704.37
84,550,18,30,2,3684.79
85,441,144,23,4,1524.65
86,97,183,19,3,614.15
87,411,39,12,2,1691.25
88,289,196,15,2,1571.38
89,254,187,31,1,243.54
90,196,89,43,2,3611.81
91,598,62,37,2,26885.31
92,522,141,37,2,32327.69
93,517,109,15,4,3031.83
94,635,81,29,3,2422.92
95,118,134,50,4,4789.77
96,159,77,43,1,1683.58
97,228,188,26,2,3894.16
98,216,90,44,2,655.72
99,696,14,2,6,9652.2
100,15,95,20,6,2100.57
101,157,54,15,4,2793.59
102,648,132,4,4,3690.5
103,261,39,22,3,1099.13
104,157,72,50,3,3857.84
105,47,25,38,3,32146.01
106,324,77,23,1,403.03
107,685,160,26,3,6037.55
108,130,187,11,2,1247.8
109,411,191,28,3,2992.56
110,95,166,2,3,3842.26
111,627,120,8,5,7732.89
112,292,53,29,5,5079.91
113,283,195,11,3,1698.3
114,69,156,37,3,46634.05
115,660,131,18,5,2626.03
116,11,150,50,3,3521.31
117,254,96,14,5,6186.15
118,550,166,10,1,264.25
119,134,200,35,1,1840.45
120,712,72,9,3,2360.75
121,23,62,35,3,6043.55
122,346,185,11,4,2227.0
123,302,6,44,4,1608.61
124,363,32,12,5,3664.44
125,396,99,3,2,2819.95
126,218,138,39,3,6043.2
127,141,131,14,2,2231.13
128,616,187,28,2,2218.36
129,210,76,11,6,3170.63
130,623,177,39,2,3622.3
131,616,59,25,4,1378.23
132,683,31,21,2,1053.92
133,460,93,10,1,272.0
134,356,69,43,2,3028.14
135,324,190,15,1,692.04
136,133,52,19,2,438.49
137,127,89,48,4,2008.54
138,106,127,22,3,1002.03
139,604,169,21,2,1195.64
140,378,31,44,4,1613.26
141,51,84,32,4,3823.94
142,29,127,50,1,1216.61
143,462,150,23,3,1138.27
144,296,132,13,2,2459.82
145,297,13,5,3,565.48
146,726,45,4,1,969.27
147,407,127,28,4,4017.79
148,613,170,14,3,2784.31
149,405,114,8,5,8561.66
150,346,177,9,2,1671.39
151,622,20,35,5,9386.35
152,420,81,37,2,29711.26
153,182,182,21,2,1063.31
154,1,164,18,1,485.66
155,567,129,33,5,10098.35
156,371,143,8,5,6713.64
157,661,17,49,3,800.2
158,431,152,17,3,3512.7
159,309,58,43,3,5051.89
160,137,72,31,3,596.8
161,202,109,34,5,8008.26
162,436,23,6,1,1118.95
163,313,174,22,5,1621.82
164,117,72,14,2,2396.4
165,666,8,3,2,3226.52
166,575,59,12,3,2599.3
167,244,111,36,4,2206.01
168,537,187,12,3,2102.5
169,602,13,45,8,5027.18
170,75,167,2,6,9152.05
171,386,156,2,3,3460.02
172,210,189,15,4,3035.26
173,475,16,23,3,1016.19
174,418,119,29,3,2755.17
175,347,2,17,3,3488.86
176,529,145,32,3,2531.76
177,640,30,7,3,3546.57
178,179,103,30,2,3384.91
179,182,13,28,1,1121.26
180,664,96,14,6,6379.5
181,25,94,44,6,2477.21
182,180,82,30,2,3536.09
183,710,13,17,3,3734.74
184,501,171,32,1,804.86
185,161,94,46,2,1610.0
186,177,149,6,3,3683.08
187,285,112,24,1,579.28
188,63,55,6,3,3100.05
189,662,81,27,5,873.69
190,666,168,18,4,1647.62
191,156,116,24,4,2875.55
192,469,143,37,6,80228.74
193,49,180,24,4,
194,84,108,38,7,70420.78
195,361,53,34,2,3873.71
196,689,128,40,5,5689.25
197,148,180,47,1,955.03
198,630,158,15,3,1755.33
199,342,161,11,5,2362.03
200,476,57,22,3,965.73
201,63,52,24,4,2625.82
202,701,137,1,1,992.06
203,360,182,18,1,571.23
204,561,111,44,3,1271.29
205,327,1,12,6,3802.39
206,141,44,43,2,2748.06
207,215,75,28,2,1900.09
208,435,98,40,3,3454.26
209,723,9,7,3,3513.57
210,318,32,23,2,755.4
211,32,15,21,1,474.26
212,670,140,34,4,7052.92
213,285,185,11,2,1245.64
214,305,136,22,2,651.07
215,429,72,42,2,1059.15
216,477,155,35,3,5394.83
217,286,190,29,3,2425.17
218,144,12,42,3,1795.4
219,424,65,28,1,1043.25
220,19,107,18,4,2137.55
221,18,42,14,5,6435.81
222,590,190,18,2,1079.7
223,371,115,28,6,5973.75
224,175,139,24,3,1634.66
225,194,103,8,2,3247.81
226,502,171,42,4,2253.99
227,113,95,45,3,1955.65
228,114,17,8,2,2779.28
229,222,160,4,3,3429.33
230,678,85,27,2,374.65
231,644,168,36,5,2585.02
232,264,151,5,4,684.64
233,55,56,33,4,7222.03
234,643,134,49,6,1450.25
235,458,86,34,2,3598.72
236,162,178,30,4,7181.88
237,380,102,8,4,5230.03
238,87,165,39,6,11245.63
239,55,192,47,3,3325.04
240,476,54,26,1,1807.81
241,178,200,37,3,43877.84
242,391,177,34,5,7683.02
243,349,115,7,2,2206.28
244,8,139,40,5,6080.82
245,313,88,28,3,2765.16
246,443,49,39,2,4378.18
247,328,149,39,3,5625.84
248,54,115,28,3,2659.85
249,239,194,14,3,3610.54
250,229,63,50,4,5121.15
251,579,104,38,5,47807.13
252,51,83,4,3,3288.03
253,609,103,42,1,532.0
254,604,156,18,3,1537.64
255,264,17,44,3,1142.67
256,418,6,48,2,956.87
257,96,147,25,2,805.38
258,88,184,7,2,2587.31
259,78,28,38,2,17783.3
260,288,194,28,3,3281.57
261,120,38,5,2,435.23
262,491,119,3,3,5390.39
263,452,37,44,5,1737.31
264,500,115,31,5,1350.7
265,165,68,47,3,3345.05
266,182,177,42,3,1523.07
267,469,43,20,3,962.14
268,7,164,19,1,222.7
269,330,58,48,2,878.74
270,673,13,11,1,615.29
271,151,52,40,2,2779.19
272,85,58,3,2,3592.43
273,147,32,23,4,1549.78
274,624,105,7,3,3434.01
275,381,188,23,3,1181.37
276,548,83,7,4,4251.79
277,285,186,46,2,1631.43
278,700,99,34,7,9747.57
279,82,104,42,3,1775.42
280,514,184,19,5,1026.88
281,709,28,9,3,2768.13
282,523,129,48,1,498.3
283,386,170,18,4,1733.4
284,707,48,41,2,2341.03
285,471,40,48,2,914.54
286,119,97,45,3,2287.22
287,396,191,42,2,1038.64
288,532,200,25,4,1353.29
289,261,114,14,3,3089.12
290,256,132,44,5,1700.84
291,226,166,25,1,356.08
292,53,155,19,3,558.23
293,500,137,39,3,5473.57
294,506,111,15,3,2248.6
295,364,144,16,4,7558.31
296,280,184,27,4,529.17
297,593,76,40,1,1267.09
298,714,31,10,3,812.74
299,158,119,4,3,3089.43
300,632,142,19,4,830.47
301,59,25,28,4,4556.92
302,727,34,21,2,1092.62
303,128,67,47,2,2252.06
304,721,152,14,3,3529.92
305,115,118,33,2,3344.83
306,209,73,48,3,1537.05
307,526,26,10,6,1625.62
308,521,148,19,5,1004.44
309,552,192,30,4,
310,237,104,22,5,1738.34
311,281,10,3,1,1568.46
312,359,67,37,1,14414.82
313,201,152,41,1,1339.42
314,278,5,18,2,1028.91
315,235,195,11,3,1799.05
316,494,186,48,2,1104.79
317,4,27,2,2,2812.78
318,666,113,12,1,680.95
319,442,15,6,4,4147.24
320,29,163,43,4,6616.41
321,109,105,40,3,3563.44
322,610,181,44,3,1197.84
323,727,44,29,2,1465.27
324,75,26,30,1,2124.75
325,146,175,2,2,2705.12
326,128,162,9,1,921.13
327,42,95,47,5,4677.26
328,356,178,2,3,4887.2
329,41,84,29,2,1694.3
330,34,140,33,6,11149.66
331,17,132,10,2,561.86
332,677,87,34,3,5643.02
333,153,176,44,4,1625.82
334,378,183,8,2,2689.71
335,588,112,37,2,33428.0
336,599,129,33,3,5617.12
337,629,89,47,2,2037.0
338,342,66,6,2,1681.1
339,27,158,44,3,1093.45
340,287,131,40,1,1065.38
341,646,122,45,4,2734.38
342,731,149,19,2,402.78
343,168,84,32,2,1343.44
344,610,177,27,2,347.61
345,268,116,1,4,4645.67
346,455,190,43,4,5716.0
347,685,116,33,2,3912.45
348,401,38,40,3,2756.98
349,476,143,32,3,2554.42
350,702,110,5,3,538.88
351,634,180,17,2,2366.0
352,558,46,8,3,4907.14
353,576,25,42,3,1610.31
354,130,21,34,1,1777.17
355,363,121,9,4,3430.98
356,705,122,23,2,1007.77
357,693,133,35,5,8579.35
358,292,70,50,4,4341.15
359,371,113,7,5,6920.94
360,29,107,15,4,3174.33
361,149,112,20,1,315.6
362,296,108,50,3,3514.66
363,11,47,25,3,923.77
364,512,196,3,2,3296.99
365,676,91,46,2,1597.57
366,113,18,24,2,1053.07
367,187,149,34,5,9333.44
368,227,104,46,2,1977.92
369,310,151,22,3,942.16
370,98,192,11,1,621.03
371,55,195,48,2,1005.7
372,623,40,8,5,7735.04
373,664,138,39,1,1707.24
374,406,89,43,3,4525.68
375,69,180,35,1,1456.56
376,312,200,49,4,837.47
377,289,61,46,3,2703.05
378,548,192,38,3,28424.29
379,148,5,8,3,4070.28
380,467,122,37,2,26371.47
381,244,181,27,3,431.96
382,491,55,28,3,2542.85
383,507,37,40,4,4521.45
384,365,56,34,4,5108.78
385,482,187,32,2,1679.03
386,201,102,15,4,3007.98
387,154,93,44,4,1513.73
388,450,197,17,5,6122.5
389,501,73,33,1,1883.91
390,73,59,47,2,2086.23
391,713,2,46,1,874.91
392,296,193,16,2,4459.96
393,17,104,29,1,953.41
394,641,188,9,3,2998.62
395,217,51,33,6,10707.3
396,61,30,49,1,256.6
397,616,11,29,7,6079.68
398,42,108,13,1,1211.32
399,25,76,21,5,2275.95
400,39,167,21,3,1441.94
401,131,90,5,4,654.24
402,498,123,10,2,454.44
403,229,200,6,5,5662.5
404,108,191,13,3,3898.86
405,172,192,1,2,2389.07
406,435,189,20,1,343.31
407,478,125,47,4,4000.63
408,102,182,46,5,4638.75
409,524,122,8,3,4149.18
410,275,94,10,5,1221.08
411,613,103,9,4,3480.86
412,44,186,49,3,867.39
413,17,184,41,6,7770.07
414,330,162,3,2,3507.97
415,569,31,11,3,1487.59
416,497,52,12,3,2229.48
417,12,89,10,2,571.09
418,318,76,25,1,429.04
419,592,129,49,4,793.47
420,216,183,49,4,1023.86
421,339,22,25,4,1571.19
422,661,40,11,3,1802.02
423,81,101,36,4,1810.31
424,727,111,39,4,7626.21
425,485,129,26,1,1871.51
426,374,65,14,2,2332.44
427,710,191,39,5,8660.47
428,200,182,40,2,2055.07
429,537,170,1,3,3736.77
430,466,149,4,4,3736.54
431,89,79,30,2,3673.02
432,268,22,12,2,1444.6
433,655,166,35,5,8310.54
434,571,99,13,6,8579.61
435,489,8,31,2,410.19
436,538,190,38,2,17408.53
437,47,175,43,6,8894.39
438,288,17,23,1,312.63
439,16,17,4,3,3182.0
440,711,90,16,2,3159.61
441,401,141,7,3,3783.38
442,86,145,22,3,1098.99
443,250,166,29,2,1696.32
444,391,81,11,4,1871.87
445,335,78,33,4,7839.32
446,629,173,29,4,3043.3
447,519,6,39,2,3271.9
448,137,163,12,1,774.98
449,688,110,7,3,3804.39
450,498,14,39,2,4197.06
451,727,72,42,5,2755.04
452,477,189,48,5,2504.33
453,594,143,26,2,4186.84
454,223,54,40,1,1352.2
455,372,27,9,3,2888.65
456,402,13,41,3,3322.06
457,443,159,34,5,8668.08
458,490,163,45,2,1284.93
459,615,60,13,2,2773.57
460,273,6,36,3,1441.03
461,526,197,25,7,2564.92
462,159,58,24,2,1192.37
463,152,49,44,1,396.89
464,620,151,17,2,2182.44
465,188,162,2,2,2790.13
466,98,26,13,1,1524.57
467,131,47,31,2,444.63
468,171,5,29,2,1696.32
469,183,20,50,5,4997.28
470,364,134,28,7,7563.01
471,39,198,27,2,346.69
472,527,59,15,2,1454.0
473,497,192,31,2,499.95
474,516,146,40,3,3260.29
475,349,132,15,1,120000.0
476,397,17,33,6,10607.93
477,722,14,20,3,1078.61
478,161,13,42,3,1737.66
479,16,135,12,2,1454.56
480,493,128,37,2,25704.6
481,426,44,9,2,1545.13
482,108,119,23,7,2762.53
483,450,143,8,3,4159.11
484,311,19,32,2,1763.01
485,170,63,48,1,506.55
486,546,163,14,5,4912.82
487,414,81,27,1,182.58
488,251,163,25,5,1746.22
489,141,147,13,2,2578.9
490,274,148,21,4,2206.53
491,416,100,45,3,1688.75
492,608,163,31,3,620.28
493,39,160,37,4,61953.48
494,29,122,48,2,817.51
495,477,176,43,2,2895.42
496,318,44,5,2,401.75
497,245,104,13,3,3843.89
498,697,152,28,2,1817.89
499,272,61,43,2,3140.87
500,440,125,25,2,681.27
501,239,145,35,4,6084.31
502,377,71,47,7,9680.64
503,266,107,39,3,5899.04
504,359,50,7,1,1144.42
505,340,65,38,1,10897.22
506,389,99,32,4,3113.6
507,577,32,3,4,5994.24
508,689,164,45,5,3368.54
509,3,141,39,3,5862.15
510,429,198,37,1,16388.62
511,142,58,50,3,4198.64
512,376,128,22,4,1475.68
513,670,142,8,3,4864.03
514,324,165,17,2,2664.18
515,146,112,27,3,569.31
516,293,68,33,3,6230.71
517,665,40,46,2,1441.62
518,432,187,17,2,2551.96
519,705,144,42,5,3226.28
520,585,190,12,3,2021.16
521,399,132,48,5,2365.48
522,344,173,46,2,1702.94
523,140,90,27,2,345.79
524,187,28,48,4,1860.27
525,61,96,8,3,4505.91
526,380,194,23,2,801.68
527,710,31,42,2,906.29
528,440,3,49,2,480.63
529,319,136,29,2,1590.13
530,302,24,50,1,1016.02
531,344,15,20,4,1327.67
532,11,171,16,5,10172.97
533,62,159,17,2,2471.07
534,226,45,16,4,8374.52
535,153,194,19,1,219.38
536,711,8,8,4,5532.88
537,564,71,38,2,21443.82
538,571,108,38,3,
539,584,115,29,4,2947.71
540,660,103,41,3,3745.65
541,575,125,36,2,1016.79
542,310,57,26,2,3809.07
543,243,30,31,3,709.5
544,493,146,44,2,751.29
545,366,114,12,3,2316.09
546,330,197,17,3,3524.99
547,107,117,15,4,3185.05
548,226,167,9,6,5863.0
549,218,60,39,3,5273.2
550,506,98,42,3,1673.03
551,259,171,48,2,947.95
552,517,126,12,5,3800.09
553,54,173,32,3,2720.28
554,47,151,25,3,887.43
555,727,197,39,1,1595.73
556,689,94,18,2,956.11
557,521,134,15,2,1463.98
558,99,184,32,2,1452.53
559,20,122,6,3,3295.02
560,573,108,44,4,1415.6
561,490,4,43,4,5889.71
562,419,93,35,5,9218.39
563,690,151,34,4,6691.67
564,62,6,38,2,19276.62
565,145,32,5,4,741.52
566,216,106,18,2,1069.47
567,3,146,16,3,5894.04
568,160,15,8,1,1410.05
569,120,168,25,2,751.14
570,89,122,32,2,1733.78
571,329,96,26,5,9999.88
572,580,6,22,2,657.17
573,357,112,31,3,732.09
574,610,120,43,3,4989.34
575,267,123,10,2,537.36
576,617,191,12,4,3316.73
577,323,67,28,5,5612.11
578,635,106,6,1,1281.97
579,541,139,20,3,1029.07
580,649,43,5,3,443.15
581,195,145,23,6,2196.49
582,332,96,9,3,2185.23
583,170,132,29,3,2321.64
584,521,191,16,5,9499.47
585,463,196,46,2,1862.07
586,40,81,22,5,1576.31
587,537,41,8,4,6806.54
588,261,133,20,7,2052.3
589,395,160,14,1,1112.79
590,226,198,39,4,6515.76
591,124,35,37,2,34333.64
592,38,22,50,2,2836.99
593,328,193,34,3,5128.41
594,251,150,11,3,1468.84
595,176,112,40,2,2189.37
596,602,11,33,3,5952.81
597,454,3,31,4,872.68
598,37,137,44,3,1416.22
599,316,60,34,3,6145.72
600,688,76,50,5,5054.38
601,593,87,7,2,2083.83
602,114,14,49,1,249.47
603,40,18,23,4,1361.61
604,301,113,46,3,2616.86
605,224,73,7,6,7074.42
606,318,23,25,4,1414.42
607,349,83,3,8,13931.73
608,115,125,38,2,23612.48
609,698,175,20,5,1633.17
610,323,69,34,2,3044.77
611,568,47,49,3,725.89
612,40,116,44,5,1799.46
613,40,30,44,3,1375.11
614,289,25,30,1,2101.13
615,262,156,17,3,3793.25
616,216,112,10,3,843.07
617,147,25,35,1,1629.69
618,336,74,20,2,707.06
619,168,58,18,4,1818.23
620,92,94,45,1,716.92
621,353,119,44,2,886.14
622,571,127,27,2,311.72
623,571,169,49,3,739.75
624,681,25,36,1,545.03
625,363,78,23,1,340.3
626,557,99,32,1,691.97
627,345,116,10,4,958.83
628,693,48,11,4,2286.87
629,170,10,38,1,10417.83
630,356,99,6,3,3116.89
631,191,11,41,4,5476.21
632,667,85,47,6,6748.95
633,422,149,34,4,7243.12
634,700,173,36,2,1001.42
635,7,135,37,4,60418.99
636,133,192,17,3,4048.15
637,557,126,40,1,1220.81
638,31,64,40,3,3658.81
639,535,2,12,5,3551.43
640,426,76,21,4,1893.37
641,394,121,40,3,2875.16
642,672,42,19,4,895.14
643,363,54,3,4,5361.82
644,437,75,18,2,962.66
645,670,16,19,2,407.23
646,551,18,47,6,6257.01
647,82,187,6,3,3613.75
648,356,90,16,5,11201.34
649,258,144,8,5,7991.58
650,718,6,48,3,1364.3
651,589,185,18,3,1443.01
652,524,108,48,4,1797.5
653,295,175,43,5,7202.28
654,224,48,39,2,3898.33
655,525,42,49,3,645.88
656,46,76,49,2,455.38
657,667,188,12,7,4579.15
658,113,77,45,3,2091.54
659,233,132,10,3,763.1
660,17,130,7,2,1833.53
661,360,59,46,5,4982.8
662,223,155,1,3,3935.91
663,700,27,49,4,761.84
664,448,79,36,2,1123.36
665,365,72,21,5,2877.56
666,675,7,37,5,73601.55
667,326,191,24,1,585.94
668,467,111,25,9,3093.26
669,414,119,7,4,4956.1
670,455,174,42,3,1877.27
671,586,63,17,4,4282.86
672,233,124,29,1,768.31
673,224,12,30,3,5954.71
674,412,141,7,3,3643.04
675,572,43,33,2,4036.53
676,335,17,7,4,4620.54
677,222,63,24,3,1579.25
678,37,120,11,3,1894.0
679,278,36,9,3,2288.52
680,196,8,12,4,2785.88
681,484,69,35,4,6555.54
682,242,90,4,4,4202.02
683,324,36,36,2,1015.92
684,731,28,28,3,3399.41
685,192,118,13,4,5829.62
686,17,93,23,1,357.52
687,524,175,19,4,883.49
688,401,76,42,2,1162.24
689,705,101,37,2,28976.99
690,22,158,39,1,1505.01
691,474,151,24,3,1793.37
692,120,144,16,4,8258.95
693,210,14,33,3,6450.3
694,306,71,12,5,3539.94
695,270,180,34,2,3233.6
696,704,124,7,3,3210.27
697,687,125,11,2,804.8
698,285,37,31,3,670.6
699,716,29,29,5,5276.97
700,676,195,13,1,1460.02
701,227,143,31,4,839.38
702,381,175,2,2,2582.68
703,460,174,39,3,5287.73
704,7,180,15,2,1638.27
705,29,19,11,3,2107.67
706,33,106,34,4,6991.66
707,646,21,39,4,7633.95
708,79,64,4,2,2108.08
709,459,165,11,2,1147.6
710,570,27,29,4,3400.01
711,538,55,2,6,8207.81
712,482,29,16,2,4134.96
713,430,148,39,4,5948.98
714,285,25,13,2,2466.54
715,516,70,37,2,26449.82
716,99,63,17,3,3898.11
717,397,164,21,1,460.22
718,489,130,44,3,967.22
719,39,150,19,3,523.61
720,271,16,7,2,2461.48
721,157,146,38,5,45351.68
722,75,197,8,6,8836.7
723,130,182,13,3,4501.27
724,687,100,37,2,31125.55
725,84,30,2,3,3875.88
726,22,45,41,4,4050.64
727,459,19,11,1,599.71
728,539,34,24,2,1139.77
729,707,141,6,6,6847.56
730,382,171,26,4,5467.22
731,440,62,7,1,1311.78
732,604,118,39,5,7704.85
733,21,100,19,3,606.78
734,303,22,6,3,3686.39
735,84,180,43,2,2394.05
736,659,180,29,5,4097.57
737,453,111,43,2,2997.88
738,387,164,39,2,3708.22
739,507,73,2,4,5639.61
740,257,147,19,3,638.61
741,570,38,4,3,2602.93
742,527,70,6,2,2178.68
743,162,116,49,3,714.28
744,163,79,37,3,44729.04
745,524,185,28,2,2547.2
746,271,148,30,3,6683.17
747,492,9,7,2,2786.03
748,208,32,9,4,3595.61
749,539,132,25,1,418.39
750,584,50,33,2,3546.5
751,60,82,1,3,3445.37
752,430,5,6,4,4065.01
753,657,148,18,4,1832.69
754,605,87,10,1,264.97
755,309,126,28,2,2150.55
756,520,75,11,3,1798.44
757,591,165,33,1,2277.58
758,27,22,1,3,3028.88
759,686,186,13,4,4557.02
760,562,68,37,3,34011.38
761,199,44,20,5,1438.68
762,387,34,1,3,3415.02
763,349,77,3,3,4410.2
764,693,42,18,1,427.17
765,536,137,41,1,1157.73
766,378,106,14,3,3304.62
767,558,95,31,2,424.7
768,527,135,27,2,344.47
769,153,68,17,4,4583.27
770,206,147,46,3,2867.07
771,455,159,29,5,4065.82
772,273,128,36,4,2019.68
773,236,163,37,3,46176.94
774,521,185,26,2,2869.21
775,678,85,17,2,2725.99
776,726,189,22,3,1066.93
777,501,159,25,6,1961.13
778,117,83,2,5,6037.41
779,386,95,22,2,592.91
780,344,181,5,1,157.17
781,584,32,4,1,831.9
782,395,66,36,6,2686.55
783,64,187,6,5,3966.29
784,717,116,21,3,1443.9
785,721,138,13,3,3833.07
786,72,130,37,5,84608.07
787,274,194,25,4,1560.21
788,320,60,26,7,11639.88
789,338,17,39,1,1813.41
790,366,96,20,4,1395.39
791,495,144,33,2,3704.55
792,607,16,14,2,2330.79
793,166,46,36,2,983.05
794,544,167,17,6,7321.56
795,11,159,21,7,3525.48
796,301,107,46,2,1653.46
797,729,88,16,3,6550.48
798,102,129,46,1,782.58
799,425,139,16,1,1995.93
800,392,119,20,5,1851.13
801,214,85,29,3,2557.27
802,691,4,28,2,1939.69
803,88,71,8,3,4635.96
804,553,154,24,1,717.75
805,401,111,3,1,1586.65
806,588,50,25,3,1149.55
807,46,140,19,3,637.98
808,672,95,33,1,1992.67
809,463,92,2,3,4052.27
810,592,65,15,2,1290.94
811,310,47,22,4,1368.37
812,86,181,10,5,1158.04
813,92,106,18,5,2335.09
814,660,199,22,3,1178.4
815,673,130,46,5,4252.28
816,714,106,49,5,1082.54
817,242,24,27,3,521.27
818,2,4,13,3,3671.01
819,225,108,33,1,1960.31
820,589,19,5,5,807.21
821,116,154,26,4,7737.91
822,666,40,13,3,3934.58
823,103,50,27,4,610.68
824,194,171,14,4,4748.28
825,166,75,24,3,2067.2
826,90,195,3,7,10182.66
827,686,12,47,2,2194.86
828,122,195,49,3,745.5
829,143,27,30,3,6132.53
830,106,113,35,3,5349.75
831,428,182,48,4,1915.04
832,305,194,14,3,3489.92
833,317,49,12,4,2958.91
834,635,144,28,2,1927.21
835,9,130,44,2,799.51
836,73,60,29,1,796.73
837,359,182,43,7,12763.66
838,223,30,17,3,3461.28
839,416,84,40,7,6792.48
840,553,166,49,3,795.77
841,370,28,21,2,924.58
842,716,25,23,2,670.02
843,264,96,20,1,326.37
844,690,125,11,3,1953.87
845,318,10,34,3,5580.29
846,84,188,10,6,1492.76
847,318,42,10,2,534.54
848,111,40,43,2,2994.0
849,251,77,6,3,3774.06
850,383,105,36,3,1501.05
851,7,118,24,3,1749.17
852,459,42,12,1,744.93
853,84,47,43,4,5449.87
854,208,165,23,4,1495.66
855,390,22,27,4,666.69
856,314,185,45,2,1488.36
857,22,107,37,4,61170.84
858,410,27,6,2,
859,515,41,1,3,3521.89
860,127,80,6,3,3214.85
861,700,162,50,2,2440.73
862,14,160,22,6,2162.06
863,12,89,41,2,2519.64
864,87,66,24,3,1560.43
865,524,12,25,2,785.85
866,537,168,15,5,3863.12
867,301,73,26,3,5355.29
868,243,76,8,2,2546.59
869,122,90,24,2,1179.23
870,147,10,48,2,949.94
871,567,96,38,4,42215.31
872,356,176,6,2,2297.2
873,685,20,35,2,3703.53
874,631,39,42,4,2027.89
875,309,60,1,4,5783.93
876,695,66,46,3,2799.94
877,288,65,36,1,560.6
878,307,179,12,2,1745.83
879,594,124,38,3,30950.42
880,723,164,11,2,1268.23
881,662,152,12,1,744.97
882,549,155,42,1,614.85
883,352,130,50,1,1367.44
884,312,159,39,3,6169.09
885,59,57,7,1,999.73
886,643,78,11,1,550.93
887,714,194,36,6,3507.25
888,35,29,31,4,978.26
889,445,15,33,2,3859.33
890,93,12,13,1,1361.14
891,207,101,18,3,1286.62
892,353,156,41,1,1237.76
893,332,84,24,2,1197.57
894,725,125,9,2,1752.82
895,159,103,31,3,686.38
896,24,24,41,3,3522.07
897,404,149,10,4,1026.57
898,516,138,2,3,3951.95
899,364,110,38,3,35363.06
900,382,78,15,3,1813.85
901,532,101,3,1,1332.96
902,152,146,43,3,4985.23
903,562,142,31,1,204.55
904,689,162,6,1,862.69
905,608,128,3,5,8703.75
906,617,58,11,3,1941.38
907,420,76,15,4,2498.52
908,250,150,45,5,2683.42
909,117,198,28,5,4626.74
910,512,36,10,2,490.82
911,578,173,38,4,47650.89
912,335,164,47,2,1952.6
913,418,22,50,4,5308.17
914,295,127,50,2,2627.11
915,371,80,7,3,4000.7
916,186,189,15,4,2694.58
917,246,100,18,2,963.18
918,637,184,18,5,2357.56
919,268,96,41,3,3627.74
920,643,161,24,1,647.54
921,237,173,2,2,3315.96
922,530,164,40,1,1074.29
923,552,148,20,2,637.26
924,21,18,34,5,9412.53
925,520,38,43,3,4906.74
926,100,195,26,3,6307.03
927,478,151,7,2,2330.21
928,599,109,38,2,19203.2
929,298,123,30,5,11176.81
930,526,144,42,5,2921.74
931,334,187,5,2,385.71
932,2,197,11,5,2852.66
933,375,196,1,1,1301.69
934,293,149,34,3,4747.49
935,553,104,1,1,1136.66
936,318,198,19,3,468.79
937,502,140,2,2,2551.94
938,381,144,21,4,2183.95
939,623,81,20,4,1262.59
940,14,87,23,1,346.04
941,504,142,21,3,1712.57
942,231,61,24,1,585.34
943,84,199,4,3,3514.79
944,130,46,12,2,1590.57
945,145,32,22,4,1343.86
946,28,15,20,3,1115.53
947,66,44,18,2,928.04
948,163,145,1,3,3182.46
949,229,169,30,4,9116.77
950,261,54,33,4,8225.93
951,449,44,24,1,657.81
952,424,98,14,2,2493.68
953,460,5,36,5,3046.11
954,676,109,5,4,694.44
955,301,27,11,2,1127.74
956,303,116,24,1,565.84
957,287,87,31,5,1143.17
958,395,104,13,2,2184.78
959,10,123,16,4,8021.68
960,707,79,24,2,1246.02
961,630,43,13,3,3621.68
962,270,97,24,5,2622.95
963,592,31,26,2,3540.33
964,605,99,2,5,7341.09
965,361,17,16,3,5282.75
966,257,83,38,4,49336.18
967,133,110,46,5,3726.66
968,276,182,1,6,6739.59
969,683,190,49,2,531.16
970,513,32,11,3,1890.95
971,313,168,35,4,7119.73
972,576,141,43,1,1435.64
973,284,35,29,2,1571.43
974,121,133,37,3,41146.11
975,107,29,17,1,1176.57
976,687,70,39,3,5791.89
977,204,153,42,5,2591.56
978,165,95,28,4,3478.24
979,305,22,29,3,2770.04
980,497,194,43,5,7567.61
981,632,173,3,4,6794.73
982,556,69,10,1,255.72
983,156,89,42,3,1793.84
984,367,72,14,6,8474.38
985,719,129,12,2,1297.56
986,620,172,47,3,2822.34
987,251,87,42,3,1548.22
988,334,96,30,3,7135.16
989,642,75,32,2,1600.56
990,511,167,32,3,2618.65
991,293,54,42,1,417.21
992,20,88,32,1,831.75
993,282,157,26,1,1729.81
994,1,54,1,3,4070.0
995,119,16,42,6,3627.13
996,35,99,2,4,5217.08
997,198,20,17,5,7037.58
998,485,46,30,2,4586.79
999,59,195,39,3,6418.31
1000,161,193,7,4,5070.47
1001,691,127,27,3,494.9
1002,206,58,9,4,3556.67
1003,12,181,22,6,1896.11
1004,490,111,34,4,7082.79
1005,276,129,46,2,1611.37
1006,693,81,49,3,703.45
1007,242,194,1,2,2893.2
1008,216,157,9,3,2688.06
1009,251,84,20,2,601.37
1010,126,70,19,3,567.49
1011,217,8,36,2,1036.02
1012,306,29,40,4,4805.15
1013,185,112,45,4,2652.25
1014,39,179,4,4,3985.97
1015,223,161,9,1,905.98
1016,184,131,41,1,1192.76
1017,495,188,22,2,706.03
1018,427,163,18,2,1034.73
1019,178,197,12,5,3630.21
1020,428,108,42,2,1118.6
1021,294,109,43,3,4624.25
1022,151,20,39,2,3927.28
1023,384,73,9,3,2899.29
1024,638,167,6,1,1042.5
1025,308,4,19,5,1045.35
1026,336,19,48,3,1357.04
1027,375,102,47,1,867.6
1028,8,173,7,3,3096.05
1029,341,171,16,4,7100.48
1030,129,141,5,3,512.37
1031,669,141,16,3,6191.74
1032,352,188,1,3,3190.88
1033,358,185,37,1,15026.52
1034,517,86,39,1,2015.25
1035,495,52,19,2,389.82
1036,86,111,37,4,57048.72
1037,175,181,17,5,5275.19
1038,193,109,26,3,4870.87
1039,311,86,22,3,1124.81
1040,119,43,8,3,4706.51
1041,218,200,33,1,2356.1
1042,427,200,2,1,1261.07
1043,414,42,30,1,2261.32
1044,114,90,47,1,945.79
1045,145,115,20,2,596.89
1046,538,26,18,3,1839.95
1047,648,151,43,4,5650.33
1048,303,43,10,7,2140.24
1049,588,77,24,4,2301.97
1050,345,156,4,3,2682.0
1051,1,137,37,3,38561.85
1052,147,20,4,1,1012.44
1053,287,184,13,2,2299.69
1054,654,39,25,3,1033.55
1055,53,179,13,2,2097.34
1056,304,12,18,2,998.33
1057,69,183,24,1,488.29
1058,361,11,2,1,1353.23
1059,602,154,48,4,1697.05
1060,220,42,33,2,4353.96
1061,704,155,19,2,335.41
1062,575,11,9,5,4222.06
1063,585,38,28,4,4450.92
1064,161,98,35,3,5084.05
1065,681,171,39,6,9765.7
1066,89,19,10,3,653.91
1067,688,192,1,2,2568.67
1068,585,134,42,5,2800.73
1069,589,174,21,5,2229.66
1070,159,116,9,5,4700.33
1071,489,113,47,4,3850.95
1072,324,170,15,2,1342.78
1073,610,65,35,4,5976.74
1074,381,99,5,1,169.07
1075,102,72,41,1,1056.23
1076,494,187,22,5,1702.93
1077,644,52,41,6,7952.68
1078,614,118,23,3,984.05
1079,19,175,7,2,2275.29
1080,454,120,23,2,750.03
1081,482,7,44,2,799.95
1082,594,11,25,4,1560.39
1083,397,103,27,1,166.97
1084,279,61,41,3,3223.21
1085,365,68,6,1,1141.2
1086,331,153,34,3,4344.71
1087,641,140,9,1,682.69
1088,344,154,49,6,1801.91
1089,455,102,33,3,5347.75
1090,601,110,6,3,3102.62
1091,725,140,37,8,126525.79
1092,655,171,31,2,482.09
1093,65,51,34,4,7542.86
1094,76,117,41,1,1255.1
1095,711,165,29,2,1414.89
1096,143,46,14,3,3873.87
1097,605,53,36,2,1099.9
1098,473,88,36,3,1629.03
1099,417,121,15,1,748.99
1100,305,13,8,2,2320.09
1101,497,89,26,1,1756.89
1102,291,125,36,5,2363.28
1103,102,118,48,3,1313.14
1104,267,54,21,2,950.18
1105,622,185,28,1,1140.76
1106,3,116,4,9,9276.07
1107,85,118,16,2,4118.98
1108,328,4,22,4,1260.17
1109,450,75,12,3,2280.28
1110,454,49,16,2,3867.79
1111,629,7,40,2,2448.14
1112,221,110,38,5,53472.95
1113,154,122,42,2,1152.45
1114,665,11,37,2,27596.12
1115,12,92,29,3,2547.77
1116,133,182,18,3,1481.3
1117,304,173,10,1,267.03
1118,293,23,42,3,1620.51
1119,300,28,39,2,3475.5
1120,43,111,18,4,1990.48
1121,343,57,1,2,2178.15
1122,326,26,39,3,5437.93
1123,498,153,21,7,3701.4
1124,364,54,1,4,4975.37
1125,427,29,15,1,635.47
1126,21,97,4,3,3095.43
1127,407,164,20,5,1890.15
1128,619,14,10,1,281.71
1129,336,78,23,4,1483.2
1130,117,35,41,3,3892.64
1131,124,30,34,4,8453.35
1132,399,92,46,3,2791.73
1133,715,17,48,4,1628.55
1134,51,195,33,2,4117.73
1135,324,158,34,4,7864.07
1136,141,93,39,2,2951.36
1137,470,173,10,6,1731.65
1138,334,79,20,1,307.81
1139,373,110,1,7,9435.66
1140,564,179,13,4,5144.65
1141,494,102,1,3,3696.41
1142,539,106,5,4,758.23
1143,669,47,16,2,4228.15
1144,156,181,15,4,3003.04
1145,291,64,49,2,434.17
1146,648,166,28,3,3078.16
1147,144,64,31,3,698.42
1148,106,87,23,2,856.36
1149,420,7,48,3,1548.74
1150,670,22,45,3,1833.32
1151,658,81,43,3,4198.61
1152,2,169,17,6,7770.44
1153,589,74,49,2,454.41
1154,644,138,34,1,1862.84
1155,90,185,13,5,6440.77
1156,345,135,14,5,6565.78
1157,350,125,11,4,2129.41
1158,459,50,28,5,6026.97
1159,263,52,42,3,1868.82
1160,351,161,32,1,766.42
1161,108,1,35,1,1492.28
1162,586,181,31,4,1111.47
1163,39,188,17,5,5528.88
1164,159,162,47,3,3154.19
1165,583,4,9,1,899.01
1166,312,145,10,1,264.14
1167,241,132,8,2,3220.21
1168,445,171,21,2,905.96
1169,298,4,13,3,4637.36
1170,36,1,50,1,1124.12
1171,84,71,5,1,180.34
1172,452,178,6,2,1847.37
1173,385,189,30,3,6511.45
1174,172,35,31,2,553.89
1175,376,8,17,5,7297.89
1176,685,152,11,3,1919.77
1177,362,36,20,4,1210.12
1178,559,178,48,3,1477.45
1179,141,123,9,4,3363.76
1180,118,43,2,1,1196.25
1181,277,27,37,5,72783.89
1182,726,32,1,3,3898.52
1183,220,78,4,3,2745.11
1184,26,121,36,2,807.76
1185,521,146,25,3,931.58
1186,10,156,3,2,3419.53
1187,378,157,9,2,50000.0
1188,633,16,22,1,314.2
1189,637,99,23,4,1466.57
1190,682,47,12,6,4508.58
1191,584,187,10,3,810.21
1192,152,31,34,2,3603.38
1193,720,4,43,1,1518.37
1194,49,165,10,2,477.91
1195,154,17,30,3,6426.15
1196,293,39,22,1,271.6
1197,580,48,6,3,3489.38
1198,50,174,50,2,2730.59
1199,664,176,2,2,3359.07
1200,531,39,30,6,10900.42
1201,612,132,2,1,1285.15
1202,60,30,32,3,2418.02
1203,167,158,42,1,565.95
1204,202,22,16,1,2137.86
1205,146,66,12,1,770.8
1206,676,108,1,4,4597.33
1207,439,12,8,5,7393.86
1208,242,36,48,5,2691.78
1209,581,18,50,2,2140.01
1210,687,90,13,3,3795.32
1211,561,181,15,3,2275.48
1212,483,199,44,2,682.9
1213,108,1,8,4,
1214,226,127,10,4,1208.21
1215,673,186,46,3,2564.6
1216,631,90,5,2,319.92
1217,661,87,50,4,5351.57
1218,662,90,19,1,208.12
1219,432,134,47,4,3658.3
1220,655,70,38,3,31106.08
1221,419,44,11,2,1155.35
1222,455,200,43,4,5787.12
1223,160,152,20,4,1160.04
1224,523,86,20,3,845.85
1225,650,19,21,4,2144.79
1226,590,101,18,3,1265.7
1227,77,146,50,2,2254.85
1228,509,95,10,4,1066.2
1229,441,101,34,2,3970.18
1230,254,30,26,3,5455.23
1231,320,170,30,3,6241.51
1232,263,33,9,5,4389.41
1233,597,12,46,2,1868.53
1234,658,118,31,2,556.19
1235,554,94,42,3,1627.0
1236,374,155,4,4,4013.23
1237,637,167,6,2,2195.12
1238,167,137,14,2,2413.12
1239,459,149,4,3,3045.5
1240,280,76,26,2,3393.96
1241,700,29,47,3,3058.25
1242,302,161,48,3,1836.41
1243,531,190,39,2,3835.65
1244,580,117,17,2,1966.48
1245,218,15,19,3,612.47
1246,102,2,49,2,477.7
1247,554,180,6,3,3191.02
1248,288,117,29,3,2463.1
1249,167,172,11,4,2364.65
1250,621,182,16,4,8294.11
1251,36,18,30,3,6047.37
1252,353,3,25,5,1943.79
1253,676,135,40,5,4753.93
1254,73,171,11,2,1120.38
1255,648,166,7,4,4915.83
1256,353,165,26,2,3681.06
1257,70,186,22,1,308.25
1258,425,161,25,4,1344.51
1259,708,108,19,4,778.64
1260,561,187,31,1,255.71
1261,642,95,26,1,1462.19
1262,517,122,42,5,2472.38
1263,428,11,41,2,2391.1
1264,539,68,36,5,2758.25
1265,160,123,23,3,962.58
1266,149,196,47,3,3252.14
1267,230,113,13,4,5275.05
1268,712,98,25,3,1119.95
1269,562,93,2,3,4113.82
1270,67,22,2,1,1419.33
1271,381,194,16,4,8255.77
1272,58,172,9,3,2730.03
1273,259,127,28,3,3238.5
1274,342,134,13,2,2568.59
1275,130,170,35,2,3245.88
1276,727,25,41,2,2347.84
1277,172,185,13,4,5609.21
1278,614,85,31,2,557.46
1279,209,55,21,5,2629.27
1280,354,144,32,3,2495.96
1281,471,95,34,2,3885.83
1282,116,142,8,2,3105.26
1283,264,167,41,4,4103.35
1284,662,156,48,3,1368.87
1285,442,179,2,1,1610.4
1286,548,119,38,4,37142.55
1287,453,177,32,2,1694.88
1288,477,9,40,1,1007.43
1289,287,186,28,7,8323.81
1290,303,173,37,2,28619.49
1291,311,150,41,5,5785.05
1292,208,160,1,4,4656.24
1293,618,197,41,4,4821.78
1294,446,197,10,4,1073.63
1295,670,42,4,4,4372.28
1296,633,53,35,2,3486.34
1297,55,187,10,1,271.32
1298,12,74,47,2,2173.18
1299,657,39,11,2,1229.92
1300,400,122,14,1,1100.31
1301,648,15,38,2,19050.68
1302,515,199,12,4,3384.9
1303,656,157,45,1,700.32
1304,542,123,17,1,1264.64
1305,237,111,16,3,5444.96
1306,279,131,35,2,2686.84
1307,348,83,2,5,6607.83
1308,627,10,11,1,548.7
1309,104,92,41,3,3335.7
1310,630,29,3,5,8576.2
1311,517,35,29,3,2858.88
1312,248,6,18,5,2677.83
1313,364,140,20,2,590.32
1314,321,111,47,3,3225.12
1315,633,38,14,1,1090.01
1316,286,77,34,3,4240.24
1317,149,93,49,3,710.12
1318,84,147,31,5,1311.65
1319,406,67,40,2,2161.08
1320,456,136,42,6,3686.5
1321,161,8,18,2,899.98
1322,460,122,30,1,2100.22
1323,550,84,25,4,1385.45
1324,500,175,19,2,489.86
1325,509,132,8,4,
1326,654,179,28,5,4983.12
1327,481,85,8,1,1713.17
1328,663,195,31,2,439.04
1329,114,45,3,3,4842.26
1330,578,136,3,2,2980.84
1331,361,87,44,5,2087.7
1332,341,16,22,2,745.05
1333,449,77,17,5,5667.51
1334,180,195,36,1,551.82
1335,702,9,17,1,1293.18
1336,407,60,14,3,3480.93
1337,666,78,9,5,5007.87
1338,196,77,30,5,11316.06
1339,466,71,21,2,913.75
1340,311,15,12,4,3284.27
1341,262,71,37,2,31519.85
1342,419,102,32,2,1642.59
1343,406,169,11,2,1122.73
1344,143,22,20,3,802.85
1345,342,152,35,4,6729.09
1346,316,113,47,4,4206.19
1347,101,172,46,1,1027.49
1348,244,1,11,1,535.97
1349,490,10,8,1,1253.39
1350,12,110,4,2,1767.52
1351,239,200,27,3,590.0
1352,561,184,44,4,1460.42
1353,42,113,40,3,3811.29
1354,678,50,38,4,40021.02
1355,594,12,47,4,3682.83
1356,429,89,30,5,11790.87
1357,158,188,44,3,1297.76
1358,216,154,48,2,967.12
1359,670,112,48,3,1624.45
1360,462,78,27,3,515.27
1361,134,169,21,3,1563.95
1362,67,164,20,2,739.12
1363,7,121,4,2,1699.3
1364,526,23,11,1,554.1
1365,73,171,13,1,1299.16
1366,399,134,9,3,2694.2
1367,405,197,4,2,1753.59
1368,675,171,12,8,6397.58
1369,578,25,9,2,1537.44
1370,130,18,13,2,2266.97
1371,466,190,48,2,960.1
1372,206,141,26,3,6404.16
1373,266,43,38,5,62701.93
1374,537,78,42,3,1784.6
1375,253,28,13,2,2529.05
1376,289,146,39,2,3777.05
1377,164,59,28,2,2178.14
1378,95,188,19,1,243.72
1379,110,63,24,5,2535.06
1380,336,185,19,2,475.88
1381,238,92,49,4,817.99
1382,381,179,13,4,4932.34
1383,436,56,13,4,5180.19
1384,483,155,28,3,3291.32
1385,25,160,2,3,4082.76
1386,653,111,10,4,1074.0
1387,117,137,22,3,993.28
1388,482,68,13,1,1098.39
1389,392,46,9,4,3675.92
1390,537,67,33,3,6289.75
1391,79,154,14,5,6498.49
1392,580,136,48,3,1750.05
1393,173,6,20,2,654.2
1394,12,24,15,4,3280.26
1395,128,176,32,3,2409.54
1396,608,94,33,3,4973.93
1397,92,173,17,1,1332.31
1398,653,13,24,1,620.04
1399,543,197,30,5,9825.27
1400,532,25,13,2,2574.62
1401,658,148,47,3,3206.71
1402,447,118,48,2,951.56
1403,390,82,16,2,4120.87
1404,672,111,2,2,2471.72
1405,43,82,17,3,3351.17
1406,254,66,32,4,2783.42
1407,130,45,43,3,5661.49
1408,60,114,8,2,3008.67
1409,663,175,3,2,3542.82
1410,467,63,12,3,1956.56
1411,287,76,20,2,616.96
1412,517,114,16,4,8327.96
1413,467,111,14,3,3943.3
1414,345,183,16,2,3708.58
1415,642,147,49,4,915.71
1416,382,35,43,4,5676.91
1417,690,53,49,5,1178.27
1418,253,26,33,1,1741.48
1419,56,14,30,5,8413.1
1420,463,118,12,3,2254.44
1421,457,45,15,3,2300.46
1422,83,172,18,1,427.17
1423,99,193,28,2,1965.41
1424,149,51,23,5,1887.3
1425,329,171,14,3,4024.25
1426,156,119,30,4,5633.4
1427,190,151,33,3,6076.62
1428,494,184,45,8,5588.41
1429,263,19,15,3,2002.36
1430,80,82,7,4,4546.71
1431,400,76,15,1,742.56
1432,609,183,42,3,1696.44
1433,260,92,46,4,4008.66
1434,615,188,38,4,40406.54
1435,552,187,46,4,
1436,101,33,44,4,1597.72
1437,359,147,11,2,1229.2
1438,380,28,29,3,2287.27
1439,221,123,31,3,712.94
1440,420,180,25,2,705.36
1441,124,126,24,2,1071.98
1442,422,177,19,4,928.84
1443,231,37,2,5,5435.16
1444,690,154,22,2,748.35
1445,63,99,20,1,244.48
1446,485,98,33,3,5728.32
1447,628,127,8,2,3267.95
1448,703,168,25,3,938.46
1449,574,80,46,4,3571.67
1450,483,38,9,3,2689.28
1451,519,77,34,1,1788.94
1452,155,126,23,2,735.95
1453,92,87,5,2,348.91
1454,526,54,25,1,299.27
1455,455,150,8,5,7389.45
1456,598,16,16,2,4308.42
1457,645,28,48,3,1409.82
1458,510,163,45,1,627.55
1459,183,188,15,5,4164.34
1460,386,173,1,1,1171.77
1461,574,46,22,2,682.75
1462,731,72,3,3,4995.35
1463,405,183,38,4,39339.46
1464,246,85,14,2,2447.82
1465,591,26,36,3,1725.0
1466,661,85,18,5,2628.2
1467,650,153,47,7,7866.06
1468,471,65,41,1,908.52
1469,423,134,18,2,851.17
1470,65,151,3,2,2998.28
1471,13,115,10,3,728.63
1472,213,64,49,1,221.35
1473,242,87,39,4,8099.48
1474,493,171,47,6,6186.28
1475,213,107,1,2,2349.9
1476,693,151,27,5,829.21
1477,338,96,27,3,488.64
1478,173,158,11,3,1682.42
1479,672,77,49,4,1086.51
1480,164,146,5,3,452.07
1481,465,87,7,5,6639.58
1482,497,149,19,3,783.91
1483,700,57,29,8,7451.35
1484,395,103,15,2,1294.98
1485,703,151,35,3,4669.12
1486,308,91,47,4,4502.2
1487,183,45,37,2,29254.03
1488,629,172,12,2,1390.93
1489,510,88,30,4,7780.35
1490,708,115,20,3,836.83
1491,546,47,37,2,29609.23
1492,564,168,3,5,6949.07
1493,624,179,9,3,2795.35
1494,594,170,41,2,2101.24
1495,227,135,39,3,5607.11
1496,436,50,26,4,6859.21
1497,422,176,2,2,2826.85
1498,554,84,23,1,412.62
1499,21,91,23,2,784.39
1500,554,134,21,1,464.48
1501,397,91,16,2,3724.1
1502,625,137,9,3,3222.23
1503,105,109,13,2,2836.5
1504,192,57,28,5,5164.65
1505,17,31,27,2,319.86
1506,120,21,17,3,3121.76
1507,393,90,38,1,11127.12
1508,425,40,36,1,486.03
1509,129,112,1,6,7900.66
1510,130,45,18,1,521.97
1511,572,77,9,1,986.56
1512,560,177,13,2,2787.36
1513,29,87,40,1,1094.5
1514,97,148,45,2,1310.32
1515,10,101,15,2,1440.79
1516,242,117,43,4,5999.47
1517,232,92,44,2,640.35
1518,284,145,46,2,1344.04
1519,715,28,4,4,4311.71
1520,726,169,33,3,5712.49
1521,200,194,24,4,2531.07
1522,79,25,36,2,1006.74
1523,173,58,41,1,1147.38
1524,467,41,10,1,288.41
1525,581,134,36,2,1209.22
1526,416,75,20,7,2129.79
1527,449,38,41,1,1032.75
1528,87,134,45,6,4400.79
1529,101,173,44,2,742.49
1530,8,75,11,4,2187.29
1531,200,142,12,4,2812.98
1532,505,66,18,3,1342.31
1533,87,168,30,3,6350.9
1534,43,3,44,3,993.21
1535,385,117,48,3,1492.27
1536,621,99,37,5,76872.82
1537,435,152,20,3,886.15
1538,408,19,25,2,822.71
1539,483,146,12,3,2395.01
1540,664,192,21,4,1907.03
1541,17,116,25,4,1404.97
1542,645,125,11,2,1252.21
1543,148,88,9,4,3503.82
1544,277,35,50,4,5587.37
1545,232,190,25,2,750.22
1546,366,1,35,2,3354.68
1547,228,153,32,1,821.31
1548,651,173,49,2,627.28
1549,436,177,14,3,3087.45
1550,399,126,1,5,5304.38
1551,211,89,17,4,4744.57
1552,391,144,25,2,809.76
1553,499,147,8,4,4501.83
1554,540,151,5,5,740.67
1555,563,25,5,3,526.97
1556,491,16,41,4,5563.2
1557,442,182,35,2,3280.26
1558,261,73,19,1,187.84
1559,350,129,23,2,825.22
1560,352,42,9,2,2026.84
1561,520,147,30,4,7357.73
1562,320,162,50,2,2561.6
1563,138,80,16,5,10020.5
1564,550,104,33,5,10251.13
1565,623,183,2,2,2597.85
1566,368,146,14,2,2435.76
1567,220,34,46,2,1856.89
1568,337,89,1,4,5105.36
1569,223,125,26,4,6013.68
1570,648,45,25,3,912.32
1571,360,134,16,3,5511.52
1572,329,21,15,5,3689.26
1573,463,122,26,2,3789.82
1574,561,70,47,3,2737.83
1575,382,96,44,3,
1576,590,105,16,3,6479.34
1577,617,48,14,4,4889.57
1578,169,39,29,3,2366.03
1579,217,31,24,2,1112.14
1580,378,10,47,4,3551.08
1581,119,30,15,3,2531.08
1582,190,18,19,3,667.88
1583,370,188,8,5,6263.23
1584,149,88,34,1,1944.86
1585,676,125,2,6,8706.39
1586,652,73,27,2,379.87
1587,488,15,10,2,498.28
1588,374,4,35,3,4702.26
1589,693,191,23,2,700.57
1590,160,168,49,2,578.06
1591,351,9,8,1,1418.6
1592,288,109,28,2,1906.24
1593,288,137,23,2,713.21
1594,226,154,4,2,1938.64
1595,523,132,14,2,2648.28
1596,522,16,42,1,582.86
1597,273,143,29,4,3714.67
1598,402,99,1,2,2450.47
1599,183,121,4,3,2951.53
1600,665,52,32,2,1436.3
1601,488,69,33,2,4496.74
1602,124,5,49,2,524.33
1603,626,20,26,2,3977.44
1604,414,79,17,5,6639.71
1605,725,146,39,6,10364.5
1606,172,111,23,2,782.75
1607,288,2,32,1,888.87
1608,435,93,15,4,3145.97
1609,686,13,13,5,6578.32
1610,113,4,2,5,8151.43
1611,122,170,19,5,1119.39
1612,544,109,24,4,2614.66
1613,222,74,45,3,2001.64
1614,631,189,24,1,555.88
1615,39,95,11,4,2521.64
1616,497,105,22,4,1415.79
1617,233,8,15,3,2230.58
1618,530,67,10,2,483.1
1619,149,191,41,3,3790.56
1620,397,110,27,2,312.41
1621,661,9,9,1,936.55
1622,638,117,28,5,4690.91
1623,302,11,1,2,2180.69
1624,360,99,17,5,6254.97
1625,238,42,31,3,739.34
1626,647,141,44,2,781.0
1627,663,164,10,4,999.88
1628,236,120,37,3,50009.45
1629,203,141,29,2,1676.33
1630,256,12,18,1,491.4
1631,598,37,47,1,1004.07
1632,662,74,38,5,46381.8
1633,235,73,39,5,10344.81
1634,345,52,49,4,892.8
1635,534,199,6,2,2523.93
1636,466,130,40,2,2051.46
1637,541,56,12,5,3780.93
1638,213,60,14,2,2307.64
1639,463,23,44,4,1511.66
1640,436,103,10,2,563.75
1641,283,40,20,4,1356.02
1642,562,64,15,3,2271.44
1643,607,85,31,3,624.53
1644,463,151,7,4,4159.41
1645,407,157,41,4,4024.79
1646,88,179,10,3,772.32
1647,44,197,10,2,639.4
1648,461,89,48,2,979.96
1649,278,31,39,3,6750.35
1650,683,178,28,3,3150.78
1651,421,20,30,4,7985.47
1652,701,183,37,1,15893.66
1653,353,130,3,5,7672.28
1654,696,153,50,4,5011.9
1655,515,13,43,1,1278.83
1656,703,122,15,3,1964.21
1657,630,103,21,1,415.46
1658,19,106,37,3,48263.58
1659,23,119,12,2,1265.32
1660,413,70,4,5,5716.68
1661,30,195,47,2,2112.92
1662,108,186,9,1,952.37
1663,367,99,39,3,5217.65
1664,281,82,42,3,1510.32
1665,128,75,28,2,2034.28
1666,229,118,23,3,1265.53
1667,111,84,45,4,3169.88
1668,136,192,40,3,3524.38
1669,362,69,44,2,663.87
1670,186,59,22,1,297.71
1671,656,188,24,3,1474.24
1672,584,126,26,3,5314.14
1673,129,111,30,2,3820.91
1674,261,62,33,4,7651.03
1675,515,144,16,2,3522.73
1676,449,128,22,5,1455.3
1677,104,105,49,4,963.1
1678,483,68,50,5,6422.38
1679,224,15,43,4,5434.69
1680,491,183,18,1,504.92
1681,473,35,7,4,5157.29
1682,10,183,50,2,1879.16
1683,405,14,26,1,2077.33
1684,302,177,8,3,4794.87
1685,231,102,6,4,4727.96
1686,731,100,30,4,7057.34
1687,66,7,39,1,2005.83
1688,112,30,23,1,415.66
1689,13,49,32,4,2997.97
1690,393,144,22,3,1066.43
1691,500,111,42,6,3355.94
1692,598,179,43,4,5784.46
1693,234,72,45,2,1282.54
1694,602,80,9,2,1767.25
1695,314,83,31,2,451.82
1696,566,42,7,3,3253.66
1697,12,17,9,1,903.15
1698,209,191,13,5,6839.46
1699,14,173,3,1,1603.53
1700,633,7,35,3,4114.03
1701,418,155,33,3,5477.65
1702,437,10,21,2,914.6
1703,377,34,31,2,546.58
1704,20,36,34,4,7011.13
1705,587,153,32,3,2337.79
1706,70,6,35,6,9267.39
1707,211,152,15,2,1419.31
1708,101,146,32,5,4309.91
1709,698,134,6,3,2644.27
1710,132,29,45,3,2007.53
1711,623,126,21,3,1422.77
1712,381,153,33,5,10113.84
1713,132,183,32,1,865.8
1714,20,81,19,2,395.53
1715,536,174,33,2,3347.46
1716,227,152,28,4,4086.81
1717,154,75,31,2,525.89
1718,469,26,21,2,1082.4
1719,405,127,34,4,6667.77
1720,202,115,15,3,2019.03
1721,38,126,14,7,7572.3
1722,188,28,19,5,924.84
1723,57,131,43,2,3324.49
1724,20,75,15,2,1576.3
1725,273,166,6,2,2074.15
1726,119,189,9,3,2476.47
1727,583,78,37,3,41857.77
1728,516,179,20,8,2400.32
1729,221,90,34,4,6420.01
1730,526,176,38,2,19687.62
1731,515,21,26,2,3871.37
1732,728,54,18,2,1030.05
1733,336,184,28,2,1930.8
1734,698,103,9,3,2646.58
1735,55,59,32,3,2560.6
1736,500,72,6,2,1954.9
1737,536,179,14,4,4648.22
1738,162,20,28,2,2363.34
1739,670,112,24,1,563.2
1740,594,59,13,3,3101.95
1741,159,71,43,6,6919.87
1742,188,137,12,3,2265.89
1743,60,109,19,3,644.44
1744,319,129,21,2,1017.67
1745,211,157,27,4,711.89
1746,406,191,19,2,362.21
1747,664,200,24,2,1061.52
1748,109,56,26,3,5611.44
1749,76,196,45,4,2809.02
1750,542,35,28,2,2053.42
1751,314,123,46,5,3669.64
1752,117,131,18,4,1993.88
1753,704,104,44,4,1536.7
1754,19,7,36,3,1403.58
1755,432,27,42,5,2273.28
1756,685,1,29,4,3495.66
1757,350,199,17,3,3421.32
1758,183,172,4,4,4082.42
1759,113,87,44,3,1163.81
1760,183,41,45,2,1158.19
1761,481,123,29,3,2583.7
1762,146,75,4,5,4578.79
1763,628,42,10,4,897.68
1764,113,117,25,6,1784.25
1765,476,161,31,3,698.65
1766,303,178,3,1,1832.39
1767,118,63,47,2,2048.65
1768,161,165,2,2,3208.34
1769,401,187,25,1,406.44
1770,198,127,49,1,250.84
1771,260,176,6,5,6243.51
1772,660,133,26,3,6170.44
1773,47,48,8,5,8347.24
1774,399,3,35,2,2655.4
1775,710,116,27,2,331.31
1776,559,175,25,2,660.77
1777,78,190,18,7,3769.76
1778,124,99,1,3,3463.95
1779,75,116,48,3,1736.05
1780,137,14,39,4,7513.38
1781,602,191,3,7,11032.23
1782,400,112,4,5,4819.82
1783,505,61,41,3,3378.98
1784,500,159,37,2,30806.23
1785,573,95,15,3,2141.64
1786,138,17,8,3,4271.99
1787,50,124,38,2,19186.83
1788,619,24,50,1,1448.23
1789,625,116,19,1,255.01
1790,254,151,47,2,1944.22
1791,630,82,26,3,5840.74
1792,710,50,39,5,8527.66
1793,563,79,10,1,255.26
1794,426,79,38,5,44557.97
1795,547,70,14,6,7576.25
1796,302,27,49,3,750.26
1797,581,15,41,2,2450.04
1798,349,50,19,3,694.29
1799,49,36,30,2,3588.12
1800,74,8,5,2,354.07
1801,704,79,31,3,730.0
1802,261,131,7,1,1137.11
1803,356,190,19,1,214.03
1804,582,47,31,4,857.32
1805,602,105,39,3,6320.15
1806,260,98,24,3,1894.58
1807,638,96,34,1,1946.67
1808,295,189,23,2,812.8
1809,641,160,48,1,438.54
1810,313,116,45,2,1245.51
1811,612,13,40,1,1039.51
1812,182,1,6,3,3153.25
1813,686,34,38,4,44226.63
1814,364,190,41,3,2935.53
1815,188,79,36,6,2956.15
1816,569,78,27,5,814.88
1817,543,121,11,3,1497.58
1818,596,93,5,2,373.43
1819,664,98,17,3,3521.77
1820,548,82,7,2,2617.52
1821,725,199,27,3,495.01
1822,408,159,47,4,4267.83
1823,618,192,15,3,2180.68
1824,414,153,46,1,644.05
1825,342,38,13,4,4437.9
1826,220,14,11,8,4774.02
1827,163,136,45,3,2028.68
1828,220,91,26,3,5346.71
1829,270,54,22,3,1120.87
1830,632,130,28,3,3322.56
1831,400,101,24,3,2004.0
1832,182,89,29,2,1246.7
1833,618,56,9,2,2039.39
1834,729,94,42,4,2130.9
1835,205,93,4,4,4017.56
1836,582,84,49,3,800.51
1837,556,85,46,3,2026.4
1838,228,189,18,3,1409.6
1839,696,22,43,1,1696.78
1840,619,35,16,4,7405.66
1841,596,16,33,3,6349.34
1842,250,50,29,3,
1843,441,122,39,2,3781.83
1844,533,128,10,4,1118.74
1845,196,113,9,6,5889.02
1846,690,171,31,1,247.0
1847,519,17,28,1,1151.69
1848,70,80,3,2,2882.33
1849,639,186,14,3,3637.61
1850,399,130,25,3,1117.15
1851,672,132,15,2,1598.79
1852,203,85,2,6,7222.56
1853,148,167,24,1,639.32
1854,472,94,14,2,2090.22
1855,655,134,48,3,1822.96
1856,199,81,7,3,3219.49
1857,426,69,36,4,1848.72
1858,666,69,50,1,1189.54
1859,492,148,24,3,1913.6
1860,142,192,27,1,175.69
1861,313,16,37,2,35038.51
1862,165,51,38,5,48492.67
1863,314,105,30,7,13080.58
1864,21,165,27,1,157.21
1865,82,197,39,4,7046.38
1866,581,170,15,1,618.22
1867,131,185,26,1,1678.13
1868,599,66,1,2,2094.1
1869,730,9,4,5,5369.67
1870,305,107,29,4,3796.22
1871,371,100,1,1,1217.65
1872,384,86,43,1,1437.42
1873,445,64,50,1,1316.31
1874,425,22,46,3,2559.77
1875,161,162,22,5,1816.13
1876,178,183,11,3,1561.13
1877,629,157,10,4,963.06
1878,708,166,17,1,1303.75
1879,490,110,36,4,2088.68
1880,327,97,47,6,6688.17
1881,598,18,26,3,4921.48
1882,289,71,48,5,2568.77
1883,593,193,21,3,1580.26
1884,664,127,13,4,4385.06
1885,573,97,9,2,1737.41
1886,573,1,11,2,917.67
1887,354,132,11,2,1318.37
1888,28,4,6,6,5620.15
1889,43,125,1,3,3506.24
1890,681,82,6,4,4313.24
1891,423,27,13,1,1170.75
1892,598,171,22,2,781.48
1893,177,59,31,4,867.39
1894,529,32,22,3,962.59
1895,610,161,37,2,27931.51
1896,494,28,47,2,1897.87
1897,198,106,27,2,335.64
1898,610,105,50,2,2622.53
1899,577,183,14,2,2328.4
1900,517,188,47,3,2828.28
1901,514,70,5,3,548.56
1902,22,62,36,1,451.7
1903,112,34,32,2,1793.19
1904,57,87,34,2,3289.42
1905,66,114,7,5,5622.59
1906,98,106,42,2,913.56
1907,144,56,48,2,934.9
1908,435,113,10,1,308.27
1909,637,13,50,1,1300.05
1910,679,184,17,2,2700.57
1911,86,18,30,5,9939.22
1912,588,182,21,2,737.19
1913,344,113,13,2,2608.79
1914,294,171,1,2,2430.44
1915,571,39,1,2,2595.89
1916,650,189,47,2,2032.78
1917,611,170,33,1,1789.58
1918,704,79,38,2,19799.62
1919,243,146,25,2,685.72
1920,561,151,26,4,7554.12
1921,32,182,13,6,7696.91
1922,391,30,28,8,7595.53
1923,277,98,33,6,12295.12
1924,532,58,37,1,13891.71
1925,154,196,41,4,4445.0
1926,383,67,30,5,9368.87
1927,68,71,49,2,488.38
1928,214,146,48,2,849.76
1929,655,106,8,5,7491.08
1930,376,7,49,2,528.6
1931,213,40,47,1,1029.91
1932,79,70,1,2,2223.48
1933,726,193,12,3,2117.23
1934,628,68,5,1,188.38
1935,604,49,24,4,2438.75
1936,381,52,6,3,3723.27
1937,680,114,25,6,1783.77
1938,58,107,1,4,4890.53
1939,26,29,25,4,1446.37
1940,447,149,1,2,2366.59
1941,66,78,32,3,2490.68
1942,254,9,42,5,2770.71
1943,44,175,42,3,1531.53
1944,97,76,3,2,3228.39
1945,554,42,49,3,762.05
1946,227,179,19,6,1269.27
1947,679,184,43,4,6818.26
1948,436,179,29,2,1614.13
1949,601,198,50,5,6407.78
1950,379,128,2,1,1146.07
1951,178,20,9,3,3191.6
1952,427,155,17,3,3563.48
1953,709,166,46,3,2444.4
1954,307,72,36,6,3055.95
1955,504,65,17,2,2200.33
1956,268,182,49,2,421.31
1957,586,113,12,2,1471.07
1958,8,24,20,2,635.55
1959,508,128,50,3,3757.67
1960,476,175,3,4,6300.34
1961,297,199,43,4,6113.93
1962,164,83,50,3,3233.21
1963,485,63,4,2,1906.14
1964,597,185,17,2,2470.19
1965,72,183,50,5,5795.64
1966,567,60,37,3,46314.76
1967,559,99,46,2,1690.08
1968,238,62,42,2,1118.11
1969,104,30,15,6,4401.15
1970,210,22,33,2,4066.66
1971,554,126,16,3,6338.62
1972,468,157,11,5,3443.39
1973,454,169,20,3,1023.99
1974,268,42,38,3,25556.11
1975,386,98,24,2,1029.53
1976,387,193,16,2,3837.96
1977,259,31,30,2,3630.04
1978,283,158,34,3,5400.02
1979,626,112,1,3,3751.22
1980,40,146,24,1,549.42
1981,486,122,24,4,2584.1
1982,220,17,9,4,3981.48
1983,129,38,22,2,540.03
1984,520,142,12,4,2511.44
1985,613,110,17,5,6744.29
1986,688,184,25,5,1929.45
1987,619,22,28,3,3320.25
1988,613,195,15,2,1438.83
1989,260,56,30,1,1944.67
1990,366,119,27,4,715.1
1991,544,147,22,3,1006.74
1992,649,57,10,1,298.39
1993,524,172,31,6,1302.54
1994,16,35,27,5,849.88
1995,129,114,12,2,1595.5
1996,575,125,46,5,4353.52
1997,109,129,31,4,994.57
1998,533,52,32,5,4272.67
1999,670,85,32,4,3070.68
2000,269,198,41,2,2060.77
2001,162,165,45,4,2420.82
2002,260,65,35,3,4376.01
2003,102,179,46,3,2092.9
2004,506,129,21,3,1661.97
2005,571,21,10,2,428.22
2006,247,181,16,6,14042.81
2007,640,16,7,5,5578.23
2008,537,123,4,2,1948.02
2009,131,61,27,4,575.87
2010,353,54,25,4,1474.65
2011,196,168,31,5,1134.41
2012,666,26,11,2,1156.44
2013,382,80,48,2,907.28
2014,645,65,20,3,987.89
2015,227,100,36,2,960.24
2016,701,74,17,2,2450.13
2017,476,192,45,1,684.34
2018,477,171,11,3,1974.35
2019,265,17,30,3,6369.85
2020,372,121,35,2,3301.35
2021,486,187,41,2,2293.19
2022,434,23,38,4,41249.52
2023,646,135,22,3,1065.13
2024,211,172,43,2,2853.14
2025,572,181,48,2,1073.75
2026,377,71,27,2,307.54
2027,395,108,37,3,47053.41
2028,450,79,46,5,4515.0
2029,364,162,49,2,445.02
2030,457,46,35,1,1383.64
2031,725,196,4,2,1950.79
2032,728,78,16,3,4362.76
2033,226,16,16,1,1937.98
2034,131,71,21,4,1748.46
2035,588,96,26,2,4706.5
2036,476,147,36,2,1157.25
2037,277,2,19,8,1712.68
2038,156,10,17,2,2754.89
2039,218,178,45,2,1400.48
2040,190,125,26,1,1585.76
2041,417,81,22,6,1854.81
2042,675,140,28,2,2324.53
2043,692,70,1,3,3230.48
2044,546,150,44,1,397.33
2045,41,32,36,3,1675.61
2046,307,105,43,3,4503.35
2047,338,84,37,5,76142.47
2048,314,129,2,3,4423.95
2049,75,182,17,3,3932.39
2050,279,58,40,3,3504.19
2051,176,198,38,1,9986.05
2052,662,146,21,6,3172.78
2053,273,134,9,2,1386.66
2054,620,45,13,7,10405.67
2055,651,97,11,4,2268.37
2056,289,23,16,4,7312.59
2057,724,23,16,3,6274.36
2058,272,154,2,2,2878.41
2059,66,135,42,6,3070.69
2060,483,79,44,1,384.8
2061,248,44,8,3,4496.99
2062,156,27,43,4,6147.95
2063,47,26,42,2,1318.54
2064,454,97,13,3,3878.31
2065,201,36,17,2,2399.4
2066,660,109,39,3,5198.85
2067,124,55,24,2,1059.44
2068,1,192,3,2,3284.82
2069,640,185,30,5,9363.07
2070,191,69,13,4,5084.14
2071,579,61,19,4,867.05
2072,516,130,7,2,2370.62
2073,442,55,9,2,1761.46
2074,143,122,19,4,861.36
2075,191,97,45,6,4169.86
2076,533,80,40,2,2826.43
2077,227,87,22,6,2221.79
2078,313,38,18,2,929.23
2079,629,119,23,3,1282.84
2080,302,78,2,3,3653.84
2081,654,157,50,2,2311.51
2082,460,154,50,3,3935.2
2083,401,35,11,3,1840.66
2084,551,79,31,3,740.92
2085,393,67,33,3,5474.33
2086,207,87,14,4,4315.98
2087,210,157,16,1,1999.05
2088,115,34,11,5,2801.05
2089,646,97,33,2,4222.98
2090,251,169,7,1,1145.15
2091,219,169,31,2,451.62
2092,407,151,48,1,412.34
2093,443,71,46,2,1863.21
2094,603,3,47,2,2106.05
2095,354,58,14,3,2651.73
2096,558,32,28,3,3302.03
2097,550,31,43,1,1479.46
2098,142,82,16,3,6378.83
2099,612,43,19,3,630.95
2100,501,135,17,4,4470.88
2101,702,105,26,6,12629.09
2102,547,1,6,3,3745.29
2103,659,61,43,2,3025.34
2104,542,14,49,3,742.26
2105,507,180,9,1,829.09
2106,596,6,50,6,6096.38
2107,281,103,17,2,2751.31
2108,424,10,31,2,428.75
2109,270,71,12,2,1651.64
2110,154,90,23,3,1223.56
2111,614,158,5,2,376.45
2112,727,149,43,4,6139.93
2113,662,126,36,5,2799.66
2114,83,188,36,3,1423.64
2115,622,97,3,3,5374.04
2116,426,74,24,3,1756.82
2117,275,115,17,3,4191.63
2118,713,191,39,2,3673.43
2119,284,170,26,3,5460.4
2120,173,51,4,3,3085.02
2121,327,192,45,3,2075.39
2122,718,56,12,6,5191.09
2123,63,41,1,3,3417.2
2124,73,32,21,4,1972.29
2125,636,15,19,1,212.14
2126,375,62,21,3,1151.44
2127,633,155,18,3,1365.99
2128,508,28,43,2,2931.58
2129,398,64,3,3,5992.17
2130,120,187,49,2,489.39
2131,437,186,44,3,1203.25
2132,676,130,32,5,3419.91
2133,465,127,10,4,1048.9
2134,286,36,40,2,2445.22
2135,265,114,15,4,3597.94
2136,320,199,5,4,681.8
2137,673,13,4,5,4099.99
2138,376,15,28,4,3888.29
2139,89,89,4,2,1849.24
2140,654,188,15,3,1991.62
2141,203,22,17,3,3977.39
2142,334,191,44,3,1185.97
2143,222,74,3,4,5608.44
2144,41,25,10,3,903.75
2145,708,101,47,1,1213.26
2146,68,176,42,2,940.92
2147,514,171,23,2,852.34
2148,637,117,18,2,947.76
2149,622,166,1,2,2158.07
2150,598,41,35,4,5591.62
2151,632,173,31,1,222.41
2152,127,88,44,3,1086.82
2153,255,168,1,2,2417.64
2154,695,110,3,3,5758.86
2155,16,120,3,2,3000.35
2156,477,97,37,2,25780.31
2157,62,145,19,2,411.06
2158,432,57,29,3,2738.5
2159,670,130,25,3,1038.65
2160,268,96,33,3,6196.76
2161,35,121,36,3,1596.37
2162,576,62,29,2,1663.49
2163,494,137,26,2,4158.79
2164,562,68,4,3,2714.71
2165,469,81,49,3,641.12
2166,661,17,14,4,4166.86
2167,325,117,50,3,3802.31
2168,304,50,27,2,341.15
2169,276,112,33,3,6230.89
2170,684,94,22,3,981.76
2171,201,168,48,3,1448.31
2172,445,186,3,3,4897.41
2173,324,85,23,3,1337.85
2174,35,149,21,2,882.82
2175,482,146,41,1,1041.92
2176,728,183,23,2,765.67
2177,480,157,4,6,7233.2
2178,65,152,21,5,2229.68
2179,8,74,37,4,59940.03
2180,301,109,43,3,4218.17
2181,343,145,31,3,726.71
2182,431,18,21,3,1189.08
2183,424,42,26,3,4825.84
2184,332,101,41,1,1294.2
2185,438,45,35,2,3274.99
2186,588,82,38,2,18507.46
2187,174,17,24,1,574.7
2188,559,73,11,5,2855.36
2189,527,14,41,3,3635.59
2190,659,177,29,1,655.09
2191,26,157,47,3,2743.16
2192,605,132,3,1,1429.54
2193,406,82,1,4,5064.92
2194,232,148,19,3,637.25
2195,533,120,46,2,1960.05
2196,550,120,49,2,516.62
2197,505,47,22,4,1273.41
2198,669,107,14,4,4560.69
2199,179,108,49,4,1077.57
2200,132,9,14,1,1310.07
2201,455,79,44,1,378.56
2202,348,155,16,4,7115.22
2203,540,15,33,4,6127.36
2204,406,19,13,2,2046.41
2205,76,90,38,5,52355.18
2206,579,180,49,1,249.31
2207,492,26,12,2,1366.11
2208,194,154,38,4,45201.43
2209,162,154,39,3,5462.94
2210,347,174,33,3,5475.44
2211,361,92,33,2,4332.74
2212,584,177,29,5,4562.73
2213,87,82,5,3,546.08
2214,262,181,6,3,3404.02
2215,214,131,31,2,495.91
2216,665,194,16,5,12011.94
2217,722,42,31,6,1379.45
2218,573,19,25,3,939.37
2219,262,17,48,3,1569.6
2220,730,161,46,1,861.95
2221,283,76,33,4,7844.13
2222,648,177,13,3,3874.01
2223,467,184,10,6,1331.33
2224,380,63,24,7,4147.01
2225,362,131,10,4,1017.61
2226,449,107,41,4,4448.18
2227,441,49,31,4,894.74
2228,93,55,13,3,3870.91
2229,621,154,3,4,6486.45
2230,424,99,50,3,3664.62
2231,142,200,34,1,1932.42
2232,291,52,49,3,769.7
2233,432,100,28,3,3138.23
2234,689,117,19,3,571.63
2235,653,118,23,3,1210.21
2236,701,7,45,2,1267.04
2237,49,46,32,3,2364.12
2238,302,46,13,6,6747.36
2239,190,100,33,2,4038.9
2240,136,144,34,1,2181.63
2241,555,152,33,3,5523.21
2242,404,189,5,1,194.36
2243,602,54,3,4,7109.41
2244,341,62,7,3,3348.64
2245,704,129,24,4,1749.3
2246,318,49,22,5,1763.48
2247,618,25,45,2,1318.62
2248,363,10,23,2,786.28
2249,382,118,30,2,3951.43
2250,233,144,18,3,1613.98
2251,344,186,32,2,1587.82
2252,549,200,7,4,5734.0
2253,553,157,33,5,10373.1
2254,529,92,5,3,604.43
2255,571,134,49,4,954.75
2256,183,144,28,2,2173.07
2257,41,148,8,2,2482.17
2258,551,80,15,5,3385.83
2259,397,71,4,4,4439.48
2260,704,78,34,2,3441.55
2261,494,43,5,4,649.55
2262,659,154,33,3,5419.69
2263,333,90,5,3,510.91
2264,127,78,38,5,49800.4
2265,558,199,34,3,4763.54
2266,557,161,26,3,6149.81
2267,1,26,1,5,6080.26
2268,168,121,4,5,4310.42
2269,620,45,39,3,6435.3
2270,19,63,26,2,3572.69
2271,332,195,33,2,4074.75
2272,584,180,33,3,5996.2
2273,456,68,8,3,4667.28
2274,109,154,20,3,910.19
2275,268,2,16,3,6115.31
2276,445,142,21,3,1476.02
2277,240,108,45,3,2033.42
2278,301,30,26,3,5283.69
2279,602,49,23,3,1110.63
2280,103,140,18,7,2881.19
2281,250,44,31,3,698.52
2282,453,161,42,2,1159.8
2283,520,13,12,4,3471.86
2284,153,78,1,2,2496.71
2285,174,126,42,6,3156.35
2286,343,98,9,3,2342.47
2287,670,26,3,2,3245.43
2288,431,149,26,3,4982.62
2289,727,156,9,2,1639.2
2290,689,48,42,1,524.73
2291,687,168,16,6,11450.01
2292,658,66,24,4,2479.36
2293,324,87,50,2,1962.7
2294,673,79,14,5,6470.99
2295,639,23,3,1,1548.19
2296,420,81,34,3,4867.54
2297,594,48,33,1,2111.41
2298,485,124,50,5,5999.31
2299,659,130,24,5,2584.5
2300,412,84,9,3,2210.26
2301,84,20,13,3,4156.4
2302,113,187,2,4,5859.37
2303,332,46,7,2,2258.32
2304,378,131,48,5,2787.31
2305,655,183,21,1,501.25
2306,41,12,19,3,722.33
2307,105,40,25,1,321.02
2308,202,66,47,1,909.99
2309,450,100,22,7,2189.75
2310,266,78,11,3,1655.24
2311,210,16,33,2,4324.95
2312,563,83,32,3,2475.74
2313,118,162,21,5,2307.69
2314,713,44,39,2,3723.07
2315,377,134,20,6,1804.45
2316,551,192,8,2,2746.77
2317,540,100,42,1,562.64
2318,84,22,37,2,29427.43
2319,454,18,9,2,1604.93
2320,667,12,25,1,327.45
2321,629,180,25,5,1919.64
2322,514,123,33,2,4042.72
2323,605,117,2,3,4469.65
2324,678,51,19,5,1032.59
2325,387,71,46,3,2290.33
2326,350,48,20,5,1480.79
2327,296,19,42,3,1876.28
2328,258,6,41,5,4819.31
2329,81,84,42,5,3245.49
2330,268,155,29,4,2939.66
2331,419,53,6,4,4651.82
2332,235,107,17,2,2182.91
2333,311,101,25,2,667.76
2334,357,48,38,4,31766.91
2335,213,135,4,3,3562.9
2336,574,187,30,4,8311.52
2337,49,69,20,2,668.2
2338,127,11,3,3,4507.66
2339,223,143,23,3,1037.35
2340,279,192,18,3,1558.54
2341,408,131,26,2,3157.3
2342,505,122,36,3,1543.46
2343,294,69,8,3,3919.9
2344,277,23,17,2,2461.11
2345,438,181,31,3,564.91
2346,107,37,37,5,63895.66
2347,658,9,45,4,2391.51
2348,420,15,33,1,2058.47
2349,611,131,27,5,803.28
2350,429,93,45,3,2155.38
2351,375,198,4,3,3456.76
2352,73,17,22,3,958.75
2353,634,154,26,4,6116.97
2354,30,149,32,1,879.15
2355,188,72,24,2,976.68
2356,364,149,46,2,1558.49
2357,451,121,35,2,2715.36
2358,195,11,37,3,49334.24
2359,156,166,32,2,1695.19
2360,172,72,7,2,2736.83
2361,41,106,33,2,3707.36
2362,63,125,31,4,855.06
2363,23,35,12,1,694.09
2364,360,119,11,2,996.23
2365,75,14,24,2,1319.64
2366,560,14,8,4,7990.77
2367,672,10,32,5,3718.5
2368,118,140,38,2,21183.28
2369,612,38,22,3,973.9
2370,380,108,34,5,9044.43
2371,679,119,19,3,705.22
2372,290,34,20,1,278.28
2373,440,169,14,1,1091.01
2374,668,10,33,3,6517.72
2375,7,122,10,5,1386.54
2376,196,145,16,1,2037.76
2377,421,145,4,1,1052.97
2378,568,195,27,1,179.98
2379,193,190,28,3,3527.35
2380,559,115,43,2,3314.94
2381,148,1,16,4,7852.64
2382,669,12,33,2,4015.43
2383,202,103,48,4,1956.32
2384,444,4,19,3,590.07
2385,419,170,21,2,993.76
2386,427,141,22,3,978.02
2387,479,98,9,3,2164.31
2388,475,106,9,2,1872.68
2389,126,85,9,4,3804.3
2390,395,121,27,2,357.79
2391,576,132,17,2,2646.05
2392,325,82,44,2,750.99
2393,392,197,45,1,620.49
2394,688,19,8,3,4905.39
2395,628,130,16,3,5292.76
2396,440,12,18,2,858.73
2397,204,81,33,3,6078.47
2398,486,74,1,1,1241.37
2399,31,98,12,4,3202.64
2400,388,6,6,3,2682.93
2401,625,136,41,2,2272.59
2402,434,125,5,4,649.15
2403,376,51,16,2,4283.87
2404,344,11,18,3,1639.13
2405,443,191,49,3,751.69
2406,579,185,18,1,455.19
2407,75,127,1,7,7714.52
2408,557,140,19,3,611.39
2409,666,73,8,1,1367.8
2410,155,2,3,4,6221.13
2411,430,8,25,2,656.71
2412,363,139,5,2,315.38
2413,448,124,40,3,3481.54
2414,234,53,19,3,666.84
2415,563,10,18,2,1128.01
2416,262,112,50,4,4688.23
2417,125,8,31,1,188.93
2418,245,36,33,5,10486.79
2419,542,106,47,1,1114.78
2420,485,14,18,5,2685.67
2421,122,182,39,1,2133.05
2422,125,86,16,1,2266.29
2423,549,149,16,2,3560.87
2424,170,50,47,3,3534.2
2425,124,167,38,3,29012.99
2426,35,20,41,4,4956.53
2427,87,87,7,4,4833.49
2428,646,135,14,4,4137.55
2429,708,137,43,1,1720.13
2430,201,129,48,2,939.88
2431,369,154,25,2,842.0
2432,77,166,32,2,1481.08
2433,59,38,38,2,17989.3
2434,431,189,22,2,615.8
2435,638,44,16,4,9072.79
2436,500,86,29,3,2091.39
2437,109,44,16,6,12920.0
2438,278,74,12,2,1733.51
2439,68,119,17,3,3584.71
2440,69,190,37,2,28820.74
2441,165,122,27,1,171.03
2442,489,134,25,3,945.49
2443,305,145,13,2,3276.86
2444,674,51,8,2,3186.9
2445,365,38,5,3,481.91
2446,379,152,12,3,2020.2
2447,343,51,41,3,3504.2
2448,554,10,3,5,6879.36
2449,354,120,35,2,2779.74
2450,416,200,33,2,3992.44
2451,109,149,22,4,1451.74
2452,563,70,50,4,5349.03
2453,497,85,44,3,1139.81
2454,341,57,9,3,2535.44
2455,383,126,41,2,2306.88
2456,533,39,18,5,2649.54
2457,300,33,50,3,3213.48
2458,139,187,29,6,4574.53
2459,359,18,39,4,7156.86
2460,499,184,27,4,662.24
2461,385,57,36,2,1040.76
2462,604,96,45,5,3262.46
2463,280,48,17,1,1297.42
2464,637,42,34,2,2853.95
2465,483,27,46,3,2158.31
2466,111,74,3,1,1475.32
2467,139,110,5,3,596.31
2468,435,180,14,2,2142.29
2469,509,170,3,3,4721.87
2470,273,32,23,7,2703.09
2471,99,26,39,4,7672.95
2472,104,25,30,4,9089.43
2473,214,75,50,3,3930.7
2474,664,23,45,4,2877.46
2475,165,57,23,3,1129.31
2476,520,180,27,2,389.34
2477,284,126,10,5,1328.85
2478,517,87,25,5,1427.97
2479,657,31,13,6,9683.01
2480,613,64,16,1,1982.28
2481,164,199,41,2,2416.6
2482,659,33,34,1,1547.24
2483,64,2,37,2,36591.36
2484,91,18,22,2,607.2
2485,117,175,17,2,2337.33
2486,267,161,23,1,322.97
2487,685,84,36,4,2169.22
2488,559,35,49,3,695.45
2489,140,179,9,1,734.86
2490,246,114,2,2,2704.42
2491,661,146,32,3,2427.99
2492,395,110,50,8,9558.49
2493,487,88,22,6,1618.29
2494,476,72,43,4,6344.44
2495,517,125,13,1,1131.17
2496,184,30,8,2,3252.43
2497,20,172,1,3,3375.26
2498,558,53,17,2,2656.48
2499,524,138,12,2,1467.12
2500,582,87,4,2,2016.9
2501,529,180,13,6,8764.25
2502,147,177,31,3,641.9
2503,666,139,41,2,2043.54
2504,304,194,7,4,4973.04
2505,620,186,23,6,1987.02
2506,582,164,24,2,1062.45
2507,695,161,5,4,616.3
2508,228,175,5,2,408.09
2509,102,13,17,4,4374.46
2510,587,40,30,6,11018.21
2511,417,89,9,3,2270.68
2512,216,68,6,2,2074.52
2513,407,42,25,1,349.94
2514,399,147,19,2,460.21
2515,715,94,16,4,6849.3
2516,704,19,21,5,2347.23
2517,499,186,2,2,3110.21
2518,465,23,10,6,1748.11
2519,691,54,16,3,5518.28
2520,731,65,37,4,59703.16
2521,82,140,15,2,1720.12
2522,604,24,13,4,4562.86
2523,687,34,13,2,2093.01
2524,365,53,32,6,4552.5
2525,163,136,45,5,3243.33
2526,48,18,47,3,2814.91
2527,511,57,46,4,3761.22
2528,329,112,8,2,3049.76
2529,116,5,43,3,4344.39
2530,337,154,18,2,912.19
2531,147,158,36,6,2905.07
2532,575,182,26,2,3886.92
2533,323,13,10,3,754.23
2534,443,83,31,1,205.17
2535,13,29,33,2,4251.57
2536,494,3,29,1,803.84
2537,701,90,5,4,632.35
2538,287,104,13,1,1517.26
2539,720,123,1,5,6319.91
2540,114,186,23,2,766.07
2541,480,76,40,3,3282.83
2542,22,130,3,3,4608.43
2543,349,108,3,3,4598.76
2544,726,156,7,2,2291.18
2545,683,82,36,3,1477.12
2546,566,77,35,1,1619.06
2547,320,2,15,6,4048.99
2548,126,127,40,5,5714.71
2549,277,135,3,5,7883.7
2550,204,26,29,2,1537.56
2551,194,88,30,2,3895.74
2552,681,16,39,4,7841.67
2553,664,151,18,2,746.61
2554,547,168,11,4,2431.76
2555,696,188,43,1,1352.27
2556,286,73,49,2,455.17
2557,57,32,38,4,28678.4
2558,303,15,40,3,3543.6
2559,163,141,1,4,4412.28
2560,19,5,29,3,2356.11
2561,370,74,10,2,532.54
2562,264,52,28,3,2538.3
2563,113,77,31,2,468.81
2564,488,169,19,2,452.66
2565,327,181,3,4,6431.93
2566,542,110,36,7,3518.36
2567,647,178,43,2,3095.27
2568,579,143,15,3,2139.61
2569,65,106,33,6,12518.09
2570,292,127,41,3,3874.57
2571,25,7,43,1,1477.97
2572,549,40,45,5,3346.32
2573,1,156,26,2,3349.52
2574,549,160,16,2,4110.79
2575,141,99,36,1,547.31
2576,648,143,33,2,3813.81
2577,188,85,20,4,1321.99
2578,128,198,13,4,5183.17
2579,201,65,33,3,5789.79
2580,127,132,5,1,166.86
2581,257,11,37,3,45773.83
2582,676,108,14,2,2159.26
2583,547,26,27,4,737.7
2584,194,189,23,1,349.12
2585,703,165,14,2,2353.31
2586,104,151,40,4,4355.29
2587,535,85,4,5,5142.91
2588,265,168,39,1,1848.62
2589,384,151,19,3,585.49
2590,260,123,47,2,2263.44
2591,414,144,4,2,1826.03
2592,358,189,30,3,6273.57
2593,75,68,19,2,352.9
2594,355,104,31,5,1131.15
2595,584,80,31,4,1074.34
2596,188,159,9,4,3380.25
2597,685,53,13,4,5231.51
2598,290,106,14,5,6647.43
2599,45,153,46,2,1688.77
2600,573,44,10,4,1082.86
2601,83,140,48,4,2088.69
2602,123,90,31,4,803.27
2603,358,101,37,5,71358.66
2604,528,97,23,2,772.44
2605,66,9,27,2,285.19
2606,657,12,6,1,1226.62
2607,375,69,26,7,13512.12
2608,162,182,2,1,1444.11
2609,380,182,45,2,1480.93
2610,656,28,13,4,5556.27
2611,358,56,50,2,2393.93
2612,188,99,19,3,533.57
2613,322,197,1,2,2220.2
2614,450,110,40,2,2090.08
2615,474,77,32,3,2554.02
2616,13,103,22,3,997.28
2617,184,106,48,3,1245.95
2618,111,109,29,3,2694.63
2619,508,112,2,3,4627.17
2620,290,58,40,3,3848.76
2621,295,78,38,5,44345.93
2622,451,75,48,2,1016.47
2623,215,42,11,2,1033.75
2624,632,166,17,3,4353.59
2625,567,68,43,3,4638.01
2626,27,181,8,4,5752.54
2627,630,33,22,3,934.45
2628,231,71,4,2,2070.73
2629,565,56,11,4,2417.37
2630,321,105,8,6,7483.78
2631,233,200,9,3,2971.16
2632,670,101,26,4,7516.27
2633,437,51,2,2,3100.97
2634,533,74,16,5,11553.61
2635,403,171,31,4,922.58
2636,53,121,6,3,3513.86
2637,313,143,21,4,1882.81
2638,281,166,26,3,5131.88
2639,726,143,19,2,491.94
2640,31,5,28,2,1951.79
2641,337,83,8,4,6091.04
2642,183,182,14,5,5209.17
2643,23,51,24,6,3236.94
2644,544,10,48,4,1870.11
2645,446,140,44,3,1312.6
2646,74,4,37,1,15770.65
2647,10,95,26,4,7782.55
2648,484,146,31,4,763.47
2649,456,80,32,4,3218.03
2650,566,36,50,2,2356.54
2651,564,25,41,3,3612.01
2652,660,98,2,4,6756.15
2653,160,164,25,2,540.29
2654,14,101,44,5,1987.44
2655,178,195,2,3,4984.72
2656,412,9,42,3,1614.74
2657,53,61,1,3,3627.3
2658,408,53,36,2,1117.26
2659,22,146,12,3,1723.81
2660,30,171,9,2,1784.26
2661,703,163,36,6,2890.09
2662,260,63,41,4,5529.97
2663,205,121,28,2,2063.86
2664,59,105,38,3,27866.19
2665,471,4,33,4,8413.73
2666,466,93,42,4,2379.35
2667,12,169,46,6,5600.21
2668,631,173,22,2,785.52
2669,290,178,25,1,334.23
2670,354,28,18,1,564.95
2671,639,170,6,5,6406.93
2672,75,80,18,1,445.03
2673,716,76,16,2,3681.29
2674,561,116,15,2,1444.05
2675,591,69,48,3,1447.7
2676,441,98,8,2,3497.31
2677,241,1,13,4,4733.88
2678,154,167,43,5,7895.0
2679,96,96,7,3,3262.95
2680,726,17,17,4,4914.7
2681,294,112,50,3,4462.55
2682,209,91,32,3,2843.67
2683,343,88,22,3,1026.73
2684,88,163,13,3,4130.88
2685,390,174,47,5,5341.19
2686,325,170,23,2,739.36
2687,157,167,29,2,1970.26
2688,668,90,22,2,746.55
2689,651,49,1,6,7315.02
2690,633,190,29,5,4043.82
2691,577,38,48,2,969.84
2692,619,151,5,3,567.51
2693,659,150,35,5,8151.18
2694,137,132,10,1,293.95
2695,674,177,19,4,890.93
2696,428,59,37,4,54277.53
2697,452,68,7,4,4171.04
2698,612,199,46,5,4707.47
2699,141,130,35,3,4340.39
2700,83,49,45,3,1893.95
2701,177,126,13,2,2476.86
2702,198,159,10,4,924.79
2703,624,111,2,4,5614.57
2704,568,168,6,3,3196.45
2705,691,48,8,3,4194.5
2706,421,51,36,3,1897.0
2707,401,43,25,6,1612.26
2708,698,98,44,4,1396.88
2709,471,183,47,3,2883.91
2710,218,177,40,4,3864.4
2711,729,124,7,5,7218.74
2712,632,80,46,4,4196.53
2713,175,185,23,2,710.35
2714,23,111,19,1,239.52
2715,725,143,46,8,7261.77
2716,235,27,22,3,1153.12
2717,13,196,13,5,6407.46
2718,101,192,21,1,521.02
2719,536,158,1,2,2716.66
2720,523,164,19,3,717.33
2721,452,195,33,2,3937.31
2722,431,113,4,1,907.46
2723,606,86,42,2,1047.73
2724,713,114,3,2,2576.39
2725,533,124,27,1,183.03
2726,723,49,41,3,3515.57
2727,652,76,35,4,6733.17
2728,293,55,28,3,3153.38
2729,101,56,6,9,8599.42
2730,502,196,6,2,2225.13
2731,304,95,44,2,810.71
2732,540,44,23,6,2089.01
2733,553,159,33,3,5801.26
2734,355,186,16,2,3690.48
2735,303,87,24,3,1694.69
2736,496,181,5,3,486.59
2737,658,84,41,4,4466.94
2738,227,151,42,4,2637.84
2739,236,156,13,2,2460.73
2740,455,16,47,2,1901.35
2741,13,165,12,5,3436.26
2742,210,149,5,4,717.96
2743,397,145,37,3,53065.45
2744,100,37,31,4,1062.83
2745,31,77,28,4,4154.67
2746,528,147,28,2,1972.08
2747,649,158,30,4,6475.64
2748,329,45,18,1,438.15
2749,166,146,44,2,613.5
2750,459,62,27,4,728.91
2751,100,164,35,1,1854.46
2752,621,100,26,3,5181.67
2753,173,52,39,4,7723.37
2754,162,19,49,5,1062.77
2755,728,109,18,2,777.12
2756,263,44,33,4,7800.19
2757,274,7,25,1,368.62
2758,3,172,31,2,545.31
2759,28,117,37,2,36189.55
2760,326,68,2,4,5293.94
2761,149,34,33,3,6348.4
2762,540,194,39,1,1918.05
2763,488,69,43,3,4624.92
2764,438,55,43,3,4606.54
2765,65,10,32,5,3950.54
2766,356,42,18,4,1908.67
2767,533,41,17,6,8501.1
2768,252,197,34,3,5308.6
2769,235,122,39,5,10916.76
2770,227,138,7,4,4288.02
2771,525,10,42,6,2438.99
2772,313,102,35,1,1560.24
2773,49,188,30,2,3601.3
2774,118,128,12,3,1869.36
2775,54,179,35,3,5546.26
2776,650,149,11,2,995.81
2777,565,136,44,4,1617.98
2778,44,193,4,7,8425.91
2779,53,92,25,6,1885.12
2780,586,113,48,1,481.03
2781,558,78,32,3,2730.54
2782,525,85,20,1,301.14
2783,677,30,50,4,5063.41
2784,102,49,31,2,495.71
2785,398,9,4,5,5096.46
2786,138,145,38,3,28652.19
2787,675,69,47,4,3761.92
2788,387,58,1,1,1060.83
2789,111,185,3,3,5024.18
2790,614,62,37,3,42039.51
2791,17,52,22,2,738.4
2792,182,189,17,5,7043.26
2793,536,40,14,2,2026.59
2794,541,166,41,2,2464.44
2795,171,171,35,2,3945.63
2796,409,63,13,4,4738.33
2797,378,147,35,3,5497.17
2798,188,50,43,1,1627.9
2799,230,161,2,7,10445.2
2800,119,141,47,3,2828.93
2801,156,78,13,2,3084.35
2802,687,97,16,2,3682.07
2803,465,190,18,5,2564.82
2804,104,43,7,5,5851.81
2805,604,177,45,3,2067.67
2806,698,36,36,6,2830.65
2807,502,122,41,2,2013.34
2808,693,108,30,1,2021.33
2809,682,10,42,5,2731.65
2810,699,95,41,8,8811.69
2811,175,6,7,4,4967.92
2812,674,57,15,3,1833.65
2813,421,129,40,2,2505.77
2814,134,71,19,3,645.27
2815,391,186,43,2,3317.73
2816,501,21,37,2,31582.04
2817,665,92,2,4,5762.85
2818,33,127,42,4,1996.75
2819,55,80,48,7,3848.24
2820,519,56,13,4,5322.93
2821,638,116,40,2,2129.72
2822,12,148,41,5,5665.66
2823,528,182,43,4,6388.42
2824,720,25,43,3,4707.21
2825,555,156,31,8,1974.99
2826,373,5,16,2,4598.82
2827,484,120,42,1,508.37
2828,647,21,44,2,821.79
2829,228,18,6,3,3201.79
2830,623,175,28,6,7045.07
2831,307,198,32,2,1864.13
2832,457,57,44,3,1169.15
2833,160,93,10,2,560.52
2834,331,19,50,3,4122.34
2835,225,128,18,2,1060.41
2836,729,97,4,1,1127.82
2837,504,193,9,2,1686.19
2838,456,131,7,5,5584.66
2839,45,170,50,1,1085.93
2840,214,21,8,3,4392.74
2841,59,40,43,4,6113.27
2842,644,67,7,2,2321.79
2843,616,153,41,3,3611.98
2844,195,127,40,4,4703.6
2845,489,55,3,5,7850.55
2846,157,180,17,4,5030.56
2847,610,172,2,6,8843.78
2848,226,109,15,2,1322.45
2849,412,98,46,3,2809.68
2850,205,184,29,3,2328.45
2851,79,183,50,3,4204.31
2852,124,112,48,4,2002.34
2853,471,198,22,3,995.62
2854,218,115,4,3,2467.77
2855,516,117,6,6,6898.89
2856,602,87,38,3,30282.14
2857,104,81,26,3,5477.44
2858,393,66,11,4,2277.44
2859,631,19,26,2,3813.51
2860,645,135,17,4,5263.3
2861,608,118,24,2,1210.57
2862,434,191,28,3,3577.71
2863,331,42,35,3,4554.88
2864,143,42,31,3,657.45
2865,540,59,13,3,4044.19
2866,278,20,35,6,10465.41
2867,233,73,16,4,8300.49
2868,529,17,15,1,626.1
2869,571,27,43,2,2711.9
2870,90,175,18,2,946.34
2871,492,2,47,1,837.61
2872,199,63,37,3,46174.04
2873,362,62,48,5,2443.58
2874,441,100,48,4,1789.49
2875,26,19,49,1,225.37
2876,25,17,41,2,2320.2
2877,394,69,27,4,577.32
2878,507,167,35,4,6149.02
2879,301,117,45,3,1910.67
2880,339,199,35,2,3173.85
2881,267,81,28,2,2050.43
2882,461,39,39,1,2112.17
2883,693,36,38,4,43789.84
2884,456,168,9,3,2439.33
2885,360,173,12,3,1969.66
2886,68,132,15,4,2755.7
2887,412,153,21,2,1121.5
2888,491,197,35,2,2575.9
2889,49,158,42,4,2287.6
2890,687,196,33,4,7518.04
2891,564,29,19,4,952.09
2892,102,196,23,2,837.36
2893,216,51,13,1,1105.2
2894,438,152,44,4,1711.83
2895,700,14,1,3,2739.72
2896,569,69,29,3,2631.92
2897,559,146,24,4,2471.49
2898,159,170,16,3,6917.05
2899,489,57,25,7,2541.57
2900,686,12,23,2,711.87
2901,242,17,28,4,3790.08
2902,5,30,47,4,4676.41
2903,596,88,16,2,4616.08
2904,361,99,43,2,2944.33
2905,459,23,38,2,20042.38
2906,248,129,11,2,1306.12
2907,566,79,3,4,6807.99
2908,673,32,15,3,2115.62
2909,422,9,1,3,3302.27
2910,15,15,7,1,1078.72
2911,573,156,1,2,2609.64
2912,122,152,49,6,1378.66
2913,277,188,32,1,769.13
2914,558,163,9,3,2766.52
2915,453,27,29,6,5000.12
2916,390,109,26,2,3728.89
2917,294,76,23,2,737.83
2918,574,148,45,3,1890.61
2919,598,65,43,2,2856.18
2920,446,177,29,1,885.3
2921,210,109,38,4,40336.18
2922,590,129,33,1,1996.1
2923,714,10,7,2,2115.41
2924,302,47,12,3,2350.48
2925,223,123,31,3,720.69
2926,3,59,32,1,860.28
2927,518,96,20,4,1300.14
2928,93,190,17,3,3750.76
2929,520,103,36,1,427.99
2930,428,124,3,4,7041.06
2931,493,86,1,4,4135.8
2932,235,146,50,3,4056.56
2933,620,112,27,5,842.17
2934,161,174,47,2,1712.46
2935,721,160,40,3,3324.99
2936,331,27,33,4,6593.27
2937,333,18,20,3,1047.01
2938,50,167,14,5,5433.77
2939,523,177,36,2,937.5
2940,668,82,5,2,390.12
2941,492,172,23,6,2277.93
2942,582,72,45,4,2752.58
2943,681,54,15,3,2131.34
2944,272,162,6,6,7221.75
2945,580,71,33,5,9306.93
2946,252,164,19,5,895.27
2947,560,146,13,6,6921.76
2948,696,38,29,4,3450.67
2949,699,187,6,4,4031.5
2950,90,137,15,2,1621.72
2951,446,200,16,6,10453.05
2952,332,179,24,9,5725.13
2953,139,35,23,1,364.76
2954,357,82,48,3,1670.35
2955,601,133,10,1,277.22
2956,274,142,41,1,1169.6
2957,19,158,41,3,3671.25
2958,311,4,49,1,267.79
2959,154,167,17,3,3627.94
2960,390,192,49,3,581.27
2961,260,153,44,4,1712.35
2962,620,156,45,2,1272.75
2963,571,194,30,2,4935.86
2964,125,150,44,1,359.18
2965,354,159,46,5,4120.0
2966,273,23,10,2,567.05
2967,619,48,19,2,457.47
2968,245,148,29,3,2584.88
2969,450,125,2,1,1285.18
2970,247,166,36,3,1387.58
2971,520,55,19,3,594.48
2972,141,68,7,3,2997.53
2973,362,88,26,1,2164.86
2974,8,1,15,5,3224.99
2975,478,135,47,6,5940.85
2976,352,185,38,3,32074.14
2977,495,95,3,2,3162.55
2978,606,140,38,2,18815.45
2979,427,106,16,3,5831.55
2980,39,133,2,2,2557.11
2981,593,108,31,3,681.1
2982,187,178,28,4,4379.74
2983,596,42,7,3,3167.12
2984,600,102,30,3,6531.69
2985,93,124,43,2,3104.99
2986,86,140,7,6,6654.52
2987,44,103,36,1,506.72
2988,137,146,29,4,3692.81
2989,421,194,24,1,624.59
2990,74,74,39,3,5712.25
2991,548,108,4,4,3766.96
2992,613,122,29,3,2621.0
2993,512,17,44,3,1148.28
2994,156,196,5,3,644.73
2995,255,71,29,4,3294.34
2996,171,62,30,3,6887.37
2997,728,41,29,1,842.8
2998,170,119,26,2,3216.98
2999,322,162,19,5,1413.11
3000,567,198,26,3,4604.68
3001,456,45,37,3,36104.74
3002,603,58,27,2,268.94
3003,613,179,30,2,5006.52
3004,155,126,30,3,7146.84
3005,349,162,3,2,3206.42
3006,451,44,43,2,3216.41
3007,653,15,7,4,4829.46
3008,173,78,49,4,785.18
3009,10,70,9,2,1991.54
3010,265,178,41,4,5199.53
3011,438,101,42,4,1989.35
3012,247,160,13,3,4012.71
3013,667,195,15,2,1426.71
3014,546,3,5,4,716.43
3015,499,86,29,3,2311.65
3016,129,74,35,3,4852.78
3017,672,51,27,3,482.19
3018,601,67,27,4,750.91
3019,605,76,8,2,2978.58
3020,327,93,32,4,2984.83
3021,404,176,20,2,626.8
3022,629,145,10,6,1560.91
3023,606,7,13,3,3814.87
3024,675,13,29,2,1765.33
3025,611,120,35,3,4772.14
3026,625,66,8,3,4224.4
3027,359,4,29,2,1428.5
3028,603,138,31,1,232.76
3029,718,88,41,3,3871.25
3030,17,17,30,4,7762.41
3031,274,52,22,2,626.43
3032,685,134,21,3,1384.92
3033,116,69,12,5,3031.27
3034,693,137,11,3,1926.97
3035,91,21,2,3,4282.19
3036,82,24,50,3,3958.26
3037,324,4,41,3,3528.96
3038,114,152,2,4,5007.07
3039,58,187,34,3,5032.41
3040,154,3,3,2,3002.68
3041,404,68,16,3,5672.75
3042,628,101,4,3,2882.25
3043,266,168,23,2,846.78
3044,315,176,50,3,4418.45
3045,715,54,20,1,286.78
3046,41,35,25,5,1745.01
3047,105,56,30,4,8030.1
3048,193,108,18,3,1304.44
3049,401,40,42,6,3420.93
3050,278,68,11,5,2974.59
3051,354,46,29,3,2460.72
3052,580,78,17,2,2583.41
3053,709,141,26,1,1794.62
3054,256,155,23,1,272.0
3055,651,6,48,3,1335.31
3056,661,17,20,1,359.19
3057,99,164,45,5,3440.76
3058,588,99,2,2,1946.5
3059,282,81,24,3,1470.46
3060,403,2,31,4,999.1
3061,109,77,27,3,479.68
3062,700,180,2,6,5961.14
3063,199,66,14,2,2534.48
3064,303,52,4,1,1074.42
3065,327,92,49,4,874.99
3066,154,171,13,3,4369.97
3067,552,22,36,4,1927.28
3068,645,111,35,3,4602.19
3069,405,107,44,1,363.66
3070,462,183,8,3,3631.04
3071,132,67,2,2,2835.19
3072,84,188,6,4,4539.8
3073,399,186,31,4,889.11
3074,628,140,10,2,565.03
3075,109,69,44,1,321.4
3076,221,84,21,4,2134.91
3077,553,103,42,2,1171.23
3078,368,39,10,7,1719.58
3079,147,13,23,3,1191.18
3080,112,41,3,2,2882.24
3081,615,57,32,3,2670.99
3082,558,181,20,3,992.25
3083,494,12,10,1,273.48
3084,505,13,29,4,3153.86
3085,475,120,41,2,2472.93
3086,271,97,46,3,2879.2
3087,421,57,34,3,6032.19
3088,707,40,37,4,56728.28
3089,367,118,20,2,679.82
3090,280,80,8,2,3403.64
3091,283,128,7,3,3447.55
3092,40,173,6,2,2460.93
3093,189,35,11,4,2335.36
3094,164,3,44,2,686.57
3095,536,120,18,5,2239.27
3096,536,5,42,1,485.3
3097,4,11,29,3,2470.42
3098,290,126,25,6,2095.94
3099,433,71,21,4,2035.48
3100,471,117,46,4,3893.06
3101,181,184,3,3,4733.56
3102,248,138,18,5,2346.01
3103,628,106,24,4,2263.29
3104,279,116,47,1,831.07
3105,581,162,38,2,21364.79
3106,254,67,10,7,1819.31
3107,181,200,27,5,855.16
3108,681,31,12,6,4306.94
3109,509,75,7,4,4771.25
3110,700,71,17,4,4224.19
3111,566,66,1,1,1191.12
3112,326,70,50,3,3453.38
3113,357,41,26,3,5402.48
3114,650,191,15,4,2582.77
3115,680,160,33,2,4064.11
3116,391,20,37,6,90192.65
3117,615,185,47,8,7103.86
3118,85,178,31,4,1020.02
3119,317,153,35,3,4655.48
3120,212,140,1,5,5742.65
3121,515,199,8,2,3225.25
3122,384,39,12,1,811.16
3123,691,145,19,3,607.94
3124,342,45,25,3,1076.9
3125,38,139,32,1,856.41
3126,511,70,12,3,2475.2
3127,420,125,13,1,1306.87
3128,169,151,28,2,2206.98
3129,343,91,1,1,1082.38
3130,306,70,6,3,2747.06
3131,542,166,8,2,3152.58
3132,702,130,4,2,1842.11
3133,537,84,5,1,166.06
3134,112,89,25,1,377.78
3135,411,79,22,2,649.8
3136,206,113,28,1,1077.76
3137,185,93,39,8,12966.77
3138,382,72,23,2,693.07
3139,496,165,4,5,5826.36
3140,379,49,4,3,2807.92
3141,47,52,47,5,4997.01
3142,551,33,21,3,1533.95
3143,528,22,37,3,40185.18
3144,504,114,41,3,3908.24
3145,22,133,2,5,6812.16
3146,213,18,7,2,2299.93
3147,310,166,49,3,792.02
3148,661,118,16,4,8612.33
3149,272,117,17,6,8727.45
3150,571,37,20,2,600.92
3151,202,64,23,3,1394.68
3152,32,138,34,1,1844.29
3153,443,79,11,4,2687.44
3154,162,170,34,4,7612.55
3155,254,123,33,1,1814.75
3156,521,176,26,2,3289.89
3157,651,44,2,1,1115.79
3158,480,82,23,1,304.61
3159,10,87,41,2,2154.5
3160,726,16,22,4,1486.16
3161,505,54,34,3,4938.2
3162,560,102,15,6,4020.12
3163,436,163,10,3,847.03
3164,111,98,15,3,1970.15
3165,153,156,42,3,2014.65
3166,635,2,29,2,1610.12
3167,102,94,23,3,1250.26
3168,191,141,17,2,2382.34
3169,729,169,9,1,871.14
3170,563,59,50,5,6816.06
3171,81,69,36,2,1070.46
3172,489,119,9,4,3995.24
3173,88,92,16,2,3637.23
3174,194,181,36,3,1365.78
3175,104,45,48,3,1218.79
3176,96,148,33,2,4365.24
3177,423,24,31,3,761.89
3178,198,189,6,1,1050.18
3179,1,91,10,3,815.29
3180,407,94,16,2,4368.38
3181,378,58,4,2,1965.68
3182,167,155,22,1,271.72
3183,509,154,13,4,4276.15
3184,638,128,16,2,3514.35
3185,313,7,29,3,2505.42
3186,593,170,6,2,1954.51
3187,418,47,26,6,11880.15
3188,681,53,11,2,1003.03
3189,477,187,24,5,2686.52
3190,73,38,29,2,1352.24
3191,141,197,3,1,1510.09
3192,582,53,10,4,1056.27
3193,262,143,1,4,5278.55
3194,340,154,43,3,4679.35
3195,308,48,26,4,7710.08
3196,245,95,12,3,2418.47
3197,515,147,14,3,3572.4
3198,337,137,25,2,646.36
3199,575,64,8,3,4661.53
3200,561,93,43,4,7082.42
3201,76,182,4,2,1940.69
3202,175,125,28,3,3336.68
3203,109,179,7,3,3720.29
3204,183,39,10,3,762.43
3205,192,4,36,3,1716.82
3206,65,126,2,2,2618.08
3207,474,3,26,3,5627.59
3208,100,64,50,1,1195.8
3209,544,29,14,4,4603.4
3210,128,116,16,4,8629.52
3211,452,11,43,2,2482.41
3212,369,97,42,4,2408.61
3213,43,102,17,7,9110.12
3214,419,186,46,5,4036.86
3215,488,155,22,2,657.45
3216,78,21,4,2,1808.19
3217,270,39,19,1,195.57
3218,674,102,2,1,1398.3
3219,701,46,39,3,7042.78
3220,728,66,9,2,1853.4
3221,315,91,19,3,583.56
3222,168,164,16,6,12757.49
3223,339,111,25,6,2253.79
3224,193,82,48,3,1222.11
3225,453,123,18,4,1867.41
3226,283,193,23,3,1127.51
3227,336,191,21,3,1516.07
3228,390,99,11,1,572.9
3229,525,35,39,3,5660.81
3230,240,159,41,2,2080.4
3231,483,156,4,5,4846.63
3232,659,103,25,1,345.57
3233,716,129,32,5,4473.64
3234,592,25,30,7,12795.13
3235,555,43,45,4,2552.51
3236,458,84,26,3,5192.02
3237,89,195,36,3,1818.86
3238,660,191,34,2,3695.18
3239,95,51,9,3,2363.59
3240,452,130,12,3,2284.93
3241,428,126,2,3,3671.06
3242,151,192,38,3,30778.64
3243,514,69,5,4,831.86
3244,376,9,5,3,441.53
3245,22,2,22,2,593.03
3246,313,162,5,3,557.46
3247,519,188,4,3,2886.67
3248,206,189,9,4,3550.37
3249,375,159,29,3,2459.4
3250,451,10,22,4,1097.34
3251,626,114,27,2,360.45
3252,595,76,10,4,914.63
3253,179,164,16,4,8054.89
3254,210,85,42,5,2706.91
3255,500,49,42,4,2813.36
3256,464,70,10,3,782.07
3257,124,177,6,2,2233.41
3258,113,131,49,6,1510.46
3259,12,133,5,1,189.15
3260,126,189,6,1,1075.96
3261,565,90,47,4,3676.35
3262,331,26,25,5,1755.2
3263,283,72,50,3,2989.6
3264,140,5,4,6,6304.49
3265,401,15,40,2,2888.92
3266,97,123,48,1,501.1
3267,517,144,32,4,3315.8
3268,569,1,35,3,4146.25
3269,69,144,10,3,727.05
3270,118,165,34,2,3774.76
3271,59,3,36,3,1342.51
3272,33,180,6,3,3000.91
3273,318,47,43,6,9772.89
3274,50,95,46,4,3703.72
3275,489,13,16,1,1951.65
3276,19,120,19,5,1075.79
3277,726,55,34,2,3506.42
3278,197,149,25,6,1867.34
3279,450,66,31,2,462.5
3280,559,182,49,6,1465.8
3281,679,155,41,2,2274.73
3282,452,166,17,2,1962.88
3283,289,90,47,4,4707.19
3284,141,186,30,2,3500.18
3285,84,62,39,2,3745.74
3286,694,102,31,3,721.37
3287,391,174,19,4,811.53
3288,591,139,35,2,3351.94
3289,215,200,29,5,3813.0
3290,526,8,1,1,1447.02
3291,215,97,4,3,2927.4
3292,403,117,28,2,2297.03
3293,128,199,18,3,1288.22
3294,477,64,26,3,5771.99
3295,404,21,40,3,3113.34
3296,29,200,19,4,731.75
3297,338,115,6,4,3855.74
3298,714,191,1,4,4360.97
3299,361,85,8,3,4530.19
3300,569,192,33,5,12484.69
3301,392,20,43,4,7851.75
3302,218,8,21,7,3383.69
3303,574,58,24,4,2530.92
3304,669,46,25,2,621.0
3305,202,31,47,3,2416.49
3306,17,93,43,8,12368.03
3307,322,9,19,3,672.48
3308,518,15,29,2,1782.88
3309,570,94,10,6,1754.23
3310,325,154,12,4,2833.3
3311,412,138,33,6,11719.32
3312,318,29,7,3,3823.61
3313,681,80,17,1,1360.55
3314,82,36,10,1,239.94
3315,474,84,31,2,475.74
3316,468,109,6,3,3446.75
3317,425,118,17,4,4933.7
3318,731,37,50,3,3446.76
3319,689,86,37,3,45013.92
3320,204,71,18,4,2030.47
3321,583,151,26,2,3316.11
3322,387,169,49,8,1679.78
3323,98,93,16,3,7138.66
3324,345,80,8,7,10649.98
3325,208,102,24,2,1263.03
3326,514,156,13,1,1322.52
3327,636,176,29,2,1827.04
3328,586,166,32,7,5656.55
3329,166,159,24,3,1833.71
3330,22,14,16,3,5262.72
3331,154,117,11,2,946.53
3332,439,73,32,2,1527.06
3333,295,91,6,2,1850.04
3334,219,90,35,2,2579.28
3335,669,29,33,3,5993.3
3336,495,179,18,3,1190.35
3337,230,49,37,3,49272.73
3338,20,171,13,1,1482.07
3339,553,72,10,2,451.6
3340,148,133,37,5,77164.99
3341,108,42,26,6,12767.86
3342,403,135,46,3,2448.57
3343,596,42,17,5,6448.69
3344,483,164,1,1,1476.3
3345,367,105,25,4,1181.88
3346,414,27,34,7,10890.48
3347,309,58,39,1,1964.35
3348,134,46,10,7,2248.44
3349,719,66,20,3,875.53
3350,283,25,7,4,5858.77
3351,73,73,16,4,7996.83
3352,481,117,37,1,12049.12
3353,352,155,29,2,1916.35
3354,560,129,12,2,1397.14
3355,326,87,17,2,2540.02
3356,443,74,48,3,1232.11
3357,100,170,20,7,2033.67
3358,59,180,26,3,4577.81
3359,508,153,48,4,1653.87
3360,258,182,19,3,643.9
3361,413,125,47,8,8623.67
3362,452,67,12,4,2769.91
3363,65,6,21,2,855.36
3364,595,125,42,3,1484.35
3365,154,58,34,3,5390.22
3366,266,70,7,3,3572.54
3367,79,53,45,2,1359.01
3368,315,66,35,2,3781.84
3369,662,58,15,2,1519.95
3370,560,82,1,2,2479.95
3371,248,87,26,3,6658.92
3372,610,2,35,3,4773.05
3373,414,150,25,3,1318.9
3374,25,37,42,1,647.92
3375,284,148,15,3,2091.66
3376,449,103,22,6,2137.8
3377,301,24,6,3,3166.87
3378,68,112,15,3,1846.22
3379,7,65,24,3,1730.63
3380,137,193,21,3,1278.55
3381,164,129,7,3,3615.75
3382,83,117,29,5,4464.32
3383,650,116,32,5,3921.7
3384,420,105,32,4,3280.99
3385,73,3,5,3,560.68
3386,237,46,4,2,2172.99
3387,46,55,22,2,665.42
3388,618,75,18,3,1400.72
3389,262,192,35,4,7066.7
3390,176,45,17,3,3704.29
3391,166,154,50,3,2890.49
3392,657,77,50,3,3546.65
3393,370,193,24,5,2737.41
3394,54,24,2,5,6907.43
3395,690,35,13,5,6502.8
3396,419,24,15,5,2892.36
3397,507,28,5,2,311.35
3398,341,16,3,2,2859.71
3399,127,59,37,1,15096.68
3400,409,182,37,2,33221.53
3401,367,144,37,3,37783.6
3402,271,15,3,5,7371.13
3403,644,11,35,3,4884.12
3404,605,193,23,3,1037.28
3405,379,79,28,5,5314.94
3406,73,115,30,2,4181.48
3407,248,68,18,2,891.19
3408,43,43,36,4,2161.48
3409,377,69,33,2,3834.08
3410,41,141,26,3,4765.04
3411,170,138,48,2,970.93
3412,212,75,40,1,1169.01
3413,493,103,17,5,6936.65
3414,680,41,40,2,2603.56
3415,39,178,7,3,3332.84
3416,369,199,8,1,1399.64
3417,151,59,31,2,467.8
3418,111,39,12,2,1385.55
3419,480,3,48,1,552.13
3420,436,7,31,1,235.31
3421,47,49,44,5,1921.66
3422,575,26,19,2,452.45
3423,366,161,10,1,268.1
3424,69,101,39,1,1916.22
3425,299,176,12,5,3759.05
3426,296,79,20,5,1548.23
3427,203,2,37,3,40939.03
3428,61,127,48,3,1737.04
3429,314,199,41,2,2087.15
3430,161,160,7,2,2745.29
3431,331,132,14,2,2369.95
3432,528,20,11,6,3240.82
3433,338,117,7,1,1243.16
3434,606,164,29,6,5349.97
3435,304,32,10,2,618.44
3436,503,28,29,2,1435.85
3437,650,77,9,1,856.83
3438,338,1,36,2,1190.58
3439,550,188,48,3,1587.48
3440,639,56,10,3,830.12
3441,275,35,19,1,243.98
3442,164,112,31,4,915.07
3443,443,30,17,4,3696.05
3444,319,54,9,4,3348.6
3445,589,36,45,2,1571.43
3446,504,183,33,2,3994.26
3447,686,80,34,3,4759.26
3448,387,58,45,1,741.39
3449,603,83,24,3,1878.35
3450,691,65,9,3,2645.33
3451,494,69,7,2,2493.45
3452,490,128,16,1,1772.45
3453,721,51,19,4,819.41
3454,73,22,39,3,5542.16
3455,509,107,6,2,2394.85
3456,390,109,50,2,2315.8
3457,619,116,11,2,1146.46
3458,295,101,12,1,838.09
3459,369,181,42,4,
3460,694,100,13,4,4730.4
3461,549,164,12,3,2228.35
3462,649,68,21,3,1272.43
3463,568,36,10,2,526.99
3464,187,180,20,7,2135.53
3465,445,181,50,2,2756.8
3466,570,178,36,4,1847.44
3467,363,169,28,2,1831.47
3468,123,146,24,3,1995.45
3469,188,22,5,2,342.77
3470,680,66,37,1,15296.15
3471,420,21,12,3,2262.43
3472,626,100,35,2,3014.34
3473,252,128,40,3,3090.18
3474,619,44,2,2,3029.66
3475,549,103,50,4,5232.32
3476,335,47,41,2,2291.42
3477,92,39,45,3,1935.52
3478,530,29,39,4,7673.33
3479,63,54,42,7,4121.86
3480,662,90,9,5,4892.97
3481,512,85,22,3,987.22
3482,139,17,47,3,3195.99
3483,698,80,5,1,196.11
3484,185,188,12,3,2359.28
3485,205,159,1,5,6819.74
3486,214,73,44,2,763.48
3487,256,49,22,3,933.3
3488,135,101,38,2,19282.15
3489,573,2,19,4,904.68
3490,88,176,16,5,9759.2
3491,207,142,31,2,572.47
3492,129,59,3,2,3164.88
3493,3,97,23,3,1034.58
3494,121,99,42,4,2341.85
3495,385,186,18,2,1112.53
3496,614,103,26,4,6592.67
3497,38,186,13,6,7115.82
3498,341,179,18,5,2365.37
3499,645,2,3,2,2956.73
3500,714,41,23,3,989.37
3501,21,123,3,2,2673.86
3502,242,82,25,3,1089.78
3503,455,144,27,2,363.6
3504,621,132,44,2,710.84
3505,303,140,27,6,1010.84
3506,596,29,39,2,3787.71
3507,595,135,25,4,1263.09
3508,69,14,24,4,2507.7
3509,129,12,8,5,7625.33
3510,196,99,9,8,7316.62
3511,140,133,46,3,2744.6
3512,444,81,37,5,93193.22
3513,283,106,30,3,5290.81
3514,312,32,19,3,580.72
3515,535,74,16,3,6915.72
3516,665,171,24,2,1229.99
3517,277,81,44,2,769.72
3518,61,69,21,7,3329.07
3519,319,45,36,3,1533.29
3520,52,106,40,2,2188.41
3521,153,137,39,2,3162.95
3522,311,177,47,7,7835.94
3523,544,161,6,5,4309.61
3524,567,100,5,3,502.3
3525,389,146,14,2,2192.75
3526,548,9,45,3,2382.99
3527,622,62,42,1,561.44
3528,177,185,50,1,1263.9
3529,362,29,4,6,5483.91
3530,314,125,8,1,1623.16
3531,97,114,24,1,747.76
3532,213,153,11,5,3014.79
3533,137,143,17,2,2349.42
3534,6,134,50,3,2928.65
3535,109,120,21,4,2136.43
3536,547,170,26,4,6470.5
3537,39,157,43,3,4274.41
3538,662,79,48,6,3229.66
3539,425,93,44,4,1456.47
3540,630,4,45,1,647.96
3541,261,82,27,6,1094.35
3542,426,185,16,3,5501.55
3543,87,177,26,4,6253.0
3544,465,172,33,2,4058.58
3545,76,75,31,3,751.6
3546,471,14,48,1,463.96
3547,414,131,47,3,2868.49
3548,726,114,6,2,1920.31
3549,457,62,44,3,1228.47
3550,285,106,8,4,7119.97
3551,239,64,7,3,3862.58
3552,677,102,34,3,5149.69
3553,599,173,44,2,819.21
3554,653,106,14,3,3151.61
3555,672,186,16,3,6137.59
3556,558,20,43,5,6870.09
3557,372,58,9,2,1716.76
3558,495,112,10,4,1169.06
3559,624,57,17,2,2628.38
3560,45,196,12,3,2322.52
3561,401,119,6,3,3371.25
3562,247,97,19,1,196.9
3563,616,92,43,2,3126.5
3564,597,52,41,4,4949.57
3565,450,37,29,4,3226.35
3566,485,8,6,3,3170.31
3567,646,44,25,2,676.63
3568,620,98,24,2,1121.78
3569,18,133,25,1,327.56
3570,606,118,16,2,3955.84
3571,662,69,16,3,5729.92
3572,289,159,6,1,919.79
3573,414,45,37,4,75605.65
3574,721,137,21,3,1342.93
3575,638,32,4,5,4942.03
3576,235,33,34,2,3485.91
3577,416,126,28,5,4987.08
3578,499,67,38,3,29727.87
3579,634,30,41,2,2107.16
3580,650,114,28,6,6782.45
3581,115,29,17,6,7276.72
3582,674,131,14,3,3684.5
3583,713,185,7,3,4052.81
3584,234,30,22,4,1281.94
3585,540,137,1,4,5133.55
3586,11,154,29,3,2861.09
3587,206,130,31,4,920.33
3588,679,62,30,3,6302.18
3589,247,3,15,1,685.19
3590,559,174,18,3,1619.39
3591,127,68,35,5,7771.02
3592,147,25,50,1,1311.26
3593,118,179,30,5,10802.32
3594,382,141,34,1,1528.12
3595,412,44,42,3,1588.04
3596,664,163,11,1,534.07
3597,584,55,27,2,375.99
3598,363,137,24,3,1528.45
3599,509,130,35,2,3378.5
3600,137,189,39,5,9972.73
3601,175,41,8,3,4556.15
3602,289,172,18,1,543.53
3603,481,64,13,2,2092.14
3604,19,31,45,5,3469.42
3605,195,47,24,7,3967.93
3606,330,130,23,2,647.77
3607,175,96,12,4,2613.35
3608,449,77,49,3,827.59
3609,354,110,30,1,2089.16
3610,499,69,31,5,1258.21
3611,141,58,28,4,4619.34
3612,93,106,22,1,285.02
3613,239,44,44,1,391.61
3614,205,74,28,3,3508.59
3615,560,56,13,4,4972.91
3616,433,171,25,3,1210.13
3617,245,127,44,3,1076.41
3618,317,162,46,2,1734.61
3619,295,30,7,4,4898.53
3620,640,71,45,4,2813.92
3621,282,198,6,2,2095.6
3622,17,118,24,2,1271.55
3623,71,55,19,3,664.94
3624,269,67,19,4,710.87
3625,325,141,36,3,1857.97
3626,305,3,9,3,2357.28
3627,451,26,48,2,1173.78
3628,7,57,36,5,2574.9
3629,314,126,38,2,19310.25
3630,103,152,40,1,1162.59
3631,193,53,29,4,3075.75
3632,574,198,24,1,468.46
3633,529,43,48,3,1461.05
3634,171,188,5,4,759.33
3635,537,186,42,4,2617.5
3636,251,49,45,4,2304.76
3637,387,42,26,2,3797.37
3638,207,194,14,3,3401.83
3639,541,11,39,3,5596.81
3640,629,103,29,1,907.05
3641,416,98,6,1,1023.67
3642,380,146,7,3,3592.62
3643,144,85,37,3,49904.72
3644,25,100,18,4,2126.86
3645,668,104,23,4,1338.98
3646,73,180,44,2,717.58
3647,632,46,38,3,29565.86
3648,93,44,1,2,2576.42
3649,505,22,4,2,1953.46
3650,598,181,44,1,385.38
3651,336,187,47,4,4590.76
3652,425,114,35,3,4741.7
3653,499,125,23,3,1312.31
3654,364,124,27,1,142.43
3655,630,30,26,4,6896.31
3656,199,8,8,3,3868.64
3657,718,98,43,4,6237.11
3658,413,57,16,3,6364.06
3659,339,111,41,6,6774.06
3660,659,73,3,4,6021.87
3661,429,115,32,1,692.73
3662,139,20,5,4,854.93
3663,693,25,20,3,940.46
3664,542,19,14,5,5470.21
3665,57,5,32,3,2781.01
3666,232,75,26,5,8656.92
3667,658,128,47,5,4636.35
3668,435,72,6,3,3006.64
3669,384,155,36,3,1435.13
3670,560,40,40,4,3995.13
3671,194,26,5,3,510.85
3672,648,27,13,3,4824.62
3673,534,190,32,4,2838.18
3674,518,83,16,4,6714.97
3675,716,128,1,3,3673.11
3676,185,178,13,3,3856.62
3677,292,170,11,3,1837.93
3678,335,157,8,5,7053.36
3679,116,167,25,5,1620.88
3680,49,188,40,4,5220.3
3681,685,169,32,3,2017.55
3682,82,33,24,5,2990.79
3683,333,97,28,3,3379.57
3684,557,111,14,3,3720.01
3685,335,16,45,7,4439.93
3686,532,23,3,2,2766.35
3687,221,135,36,1,601.69
3688,635,26,27,2,324.22
3689,323,96,20,2,724.52
3690,3,12,47,3,3173.07
3691,694,72,15,1,683.85
3692,206,133,27,6,1058.07
3693,40,106,45,5,3646.98
3694,59,117,41,4,4627.72
3695,574,197,28,3,2928.17
3696,644,177,25,2,583.1
3697,507,26,42,3,1629.29
3698,572,133,44,4,1652.36
3699,122,22,46,5,3850.36
3700,479,13,33,2,4142.69
3701,619,156,46,1,859.04
3702,96,161,14,2,2462.55
3703,414,107,8,1,1144.07
3704,235,23,48,3,1267.39
3705,62,97,14,3,3278.53
3706,256,18,1,1,1413.57
3707,561,117,16,1,1824.34
3708,348,30,18,1,475.97
3709,671,26,7,1,1431.13
3710,124,144,15,3,2248.3
3711,482,39,24,4,2507.88
3712,317,161,49,3,669.63
3713,504,154,13,3,4344.31
3714,719,176,9,4,3938.79
3715,48,193,15,3,2264.03
3716,409,166,35,4,6487.62
3717,136,130,24,4,2438.55
3718,201,113,33,4,6495.96
3719,250,134,16,3,6563.93
3720,314,46,8,1,1366.61
3721,368,50,29,5,4018.29
3722,429,166,23,2,863.01
3723,480,106,45,3,2177.74
3724,314,146,31,4,780.78
3725,500,155,40,6,6072.31
3726,721,169,49,2,507.6
3727,355,72,14,3,2839.62
3728,485,74,30,3,6731.46
3729,211,17,39,4,7525.55
3730,704,190,27,4,774.57
3731,44,157,47,2,1888.3
3732,541,186,16,5,9218.48
3733,571,70,6,3,3571.23
3734,583,150,33,4,7527.1
3735,92,6,44,2,669.58
3736,265,26,18,4,2036.59
3737,220,167,16,2,3317.94
3738,442,140,12,2,1676.34
3739,401,99,20,2,639.96
3740,400,142,45,5,2979.63
3741,727,22,40,3,3737.96
3742,576,51,29,1,922.82
3743,490,151,30,2,3931.33
3744,485,176,26,5,11014.48
3745,470,199,22,2,808.07
3746,574,104,33,2,4003.91
3747,682,178,39,4,8230.27
3748,445,89,47,1,1153.66
3749,269,141,29,2,1465.73
3750,267,138,22,2,678.43
3751,54,183,45,3,1828.56
3752,528,9,13,3,3566.35
3753,520,79,9,2,1759.14
3754,616,52,24,3,1766.1
3755,59,130,15,2,1205.57
3756,40,153,36,3,1623.64
3757,237,13,13,3,3788.62
3758,386,51,27,5,966.94
3759,606,186,44,2,853.32
3760,716,34,37,5,68579.94
3761,650,35,7,4,5329.7
3762,300,131,8,4,6293.84
3763,395,120,37,2,29345.16
3764,207,187,41,4,4354.95
3765,336,70,14,3,3043.04
3766,593,176,12,3,1929.92
3767,730,192,36,2,855.26
3768,514,147,40,2,2240.59
3769,178,67,17,1,965.09
3770,396,103,40,4,4084.35
3771,371,73,29,4,3523.96
3772,658,116,27,4,780.02
3773,318,133,1,2,2108.89
3774,369,67,34,2,3675.93
3775,384,139,4,2,1941.75
3776,62,121,24,7,3832.76
3777,505,94,21,4,2028.74
3778,239,196,33,2,3624.52
3779,195,197,7,5,5839.48
3780,678,129,1,2,2399.4
3781,222,91,41,2,2561.38
3782,61,92,3,3,5394.47
3783,129,63,44,1,359.34
3784,685,29,15,3,2097.69
3785,156,12,31,1,251.69
3786,378,77,16,2,3874.93
3787,622,41,10,4,1130.92
3788,586,130,29,4,3605.1
3789,437,37,6,3,3566.38
3790,207,173,29,2,1667.89
3791,388,176,17,1,1074.07
3792,480,24,22,3,972.67
3793,340,99,24,2,1096.1
3794,340,150,17,3,3929.85
3795,204,100,21,5,2878.26
3796,161,139,50,2,2830.94
3797,540,58,11,5,3128.01
3798,392,174,7,1,1067.71
3799,677,29,42,2,1293.48
3800,575,163,39,1,1938.77
3801,534,143,5,2,335.76
3802,70,60,44,2,830.33
3803,405,95,48,6,2889.09
3804,608,42,21,2,804.18
3805,675,43,18,2,869.64
3806,591,74,35,1,1625.28
3807,517,177,20,4,1243.59
3808,120,192,15,3,1926.3
3809,690,160,5,3,590.14
3810,688,64,13,3,4088.13
3811,217,2,12,4,2509.42
3812,56,152,21,2,1261.97
3813,366,66,37,2,26356.24
3814,699,166,6,2,2058.91
3815,504,31,7,4,4888.1
3816,455,115,26,5,8564.94
3817,104,26,42,4,2598.56
3818,77,29,48,1,483.77
3819,230,195,8,4,5423.07
3820,258,78,9,4,3689.61
3821,264,25,27,1,120.48
3822,331,48,4,4,4221.53
3823,182,65,21,5,2819.43
3824,550,181,31,2,358.45
3825,688,67,21,4,1917.13
3826,27,90,40,3,2801.77
3827,276,146,25,2,710.95
3828,652,137,39,6,13659.8
3829,299,38,15,2,1470.21
3830,91,87,35,1,1600.21
3831,480,149,49,3,513.48
3832,573,65,43,2,2741.61
3833,458,149,41,5,5661.23
3834,451,27,37,2,30279.47
3835,365,106,42,2,1173.24
3836,675,123,47,3,3295.49
3837,351,198,28,2,1916.68
3838,655,44,14,4,4601.77
3839,400,100,4,6,5713.05
3840,253,28,20,2,569.42
3841,459,173,34,3,4743.97
3842,699,17,12,4,3088.6
3843,499,127,33,4,5767.93
3844,508,123,24,4,1880.96
3845,304,168,20,3,1241.1
3846,501,131,5,1,170.81
3847,598,76,38,3,34403.15
3848,166,194,30,4,7808.9
3849,415,46,24,3,1634.75
3850,462,158,43,1,1642.58
3851,114,69,40,4,4507.88
3852,433,137,7,5,5783.59
3853,356,85,36,2,1041.86
3854,695,11,38,5,51964.97
3855,207,69,16,1,1837.37
3856,235,99,15,4,2736.01
3857,442,91,46,4,3091.53
3858,355,194,23,4,1340.93
3859,515,159,12,4,3472.22
3860,208,161,29,3,2255.31
3861,709,167,44,2,840.78
3862,125,94,48,4,1899.52
3863,138,174,15,2,1514.94
3864,339,165,29,4,3306.13
3865,537,115,45,4,2147.8
3866,68,188,43,4,6183.01
3867,573,31,49,3,758.94
3868,541,11,21,4,1807.05
3869,383,87,15,2,1770.95
3870,19,121,14,3,3716.74
3871,683,130,42,2,1227.44
3872,450,105,44,5,2088.29
3873,74,27,16,4,6050.5
3874,573,2,15,5,3846.42
3875,665,103,42,5,3481.25
3876,276,101,4,5,5389.93
3877,48,21,27,5,826.06
3878,211,58,23,2,677.49
3879,651,133,29,1,726.51
3880,622,180,41,1,994.67
3881,695,173,9,5,4171.01
3882,540,85,43,4,5506.64
3883,709,93,43,1,1517.87
3884,191,20,7,2,2403.66
3885,315,61,42,3,1408.85
3886,563,38,4,2,1850.49
3887,661,148,5,2,344.75
3888,562,25,5,7,1203.01
3889,113,130,11,2,1151.48
3890,170,121,41,3,3485.49
3891,468,160,28,1,1009.07
3892,678,26,16,2,3680.96
3893,14,198,41,2,2290.29
3894,715,169,30,3,6744.99
3895,288,67,4,2,1712.16
3896,189,1,2,1,1515.48
3897,155,51,46,2,1433.35
3898,567,5,3,4,6550.54
3899,694,13,50,2,2707.44
3900,722,147,21,2,866.71
3901,471,140,6,4,4466.73
3902,75,48,43,4,5520.13
3903,277,153,18,2,1077.0
3904,645,57,44,1,321.06
3905,343,115,5,5,833.2
3906,425,35,9,3,2641.25
3907,571,76,20,2,673.09
3908,511,94,28,4,4254.2
3909,182,5,26,2,3766.83
3910,458,22,18,2,911.21
3911,64,103,19,5,946.79
3912,260,185,3,5,9059.62
3913,193,175,9,2,1824.69
3914,655,182,36,3,1493.13
3915,616,131,31,5,972.17
3916,406,124,49,3,803.12
3917,726,53,17,3,4107.51
3918,721,159,23,2,745.96
3919,93,69,34,3,4853.75
3920,430,104,41,2,2235.51
3921,654,161,41,4,4493.29
3922,434,200,5,5,985.25
3923,404,178,15,4,2547.44
3924,434,16,47,2,1921.21
3925,112,116,3,1,1551.42
3926,375,76,19,2,436.08
3927,59,109,28,5,5725.39
3928,43,39,3,2,3259.2
3929,207,89,38,3,35252.79
3930,296,174,4,1,902.56
3931,118,112,24,6,3970.36
3932,532,47,31,3,632.22
3933,222,172,45,2,1256.52
3934,166,137,45,4,2717.8
3935,643,128,11,5,3212.02
3936,156,178,37,2,28819.04
3937,184,77,1,2,2476.02
3938,90,188,9,5,4207.86
3939,94,15,17,5,4682.33
3940,13,36,1,2,2373.34
3941,438,63,3,3,4152.7
3942,538,69,47,4,4599.4
3943,587,169,26,3,6071.93
3944,150,74,31,4,853.94
3945,660,24,26,3,4850.86
3946,8,49,23,9,3215.6
3947,29,146,30,3,6208.63
3948,296,7,10,2,556.07
3949,721,4,8,2,4004.77
3950,640,90,44,1,370.42
3951,340,197,25,1,358.25
3952,628,60,22,3,1180.38
3953,439,55,15,2,1478.41
3954,144,16,41,4,4090.61
3955,519,29,10,3,818.71
3956,45,151,20,2,672.67
3957,239,14,41,2,2216.6
3958,155,79,47,3,3303.81
3959,181,177,23,5,2040.99
3960,215,33,1,3,3409.91
3961,88,153,2,3,4717.98
3962,256,21,19,2,391.79
3963,511,145,14,2,2391.92
3964,73,23,8,2,2807.0
3965,179,57,38,2,16612.52
3966,212,186,12,3,2276.35
3967,234,142,26,3,6422.37
3968,465,93,27,5,843.78
3969,223,20,29,4,2812.92
3970,631,158,15,5,3672.94
3971,264,19,46,6,4718.94
3972,207,181,1,4,5267.13
3973,607,103,43,3,4518.15
3974,366,184,28,2,1733.98
3975,276,77,3,4,6643.28
3976,380,151,18,3,1476.45
3977,309,190,34,1,1680.41
3978,631,33,32,5,3592.23
3979,268,18,29,4,3898.38
3980,64,73,25,3,1016.9
3981,350,161,26,1,1955.55
3982,494,160,39,2,3546.64
3983,523,189,8,7,11165.67
3984,98,182,19,2,427.37
3985,71,17,47,4,4091.99
3986,364,19,42,3,1560.86
3987,570,70,22,5,1735.88
3988,276,120,29,1,942.85
3989,50,101,33,3,5215.97
3990,358,34,38,4,36667.2
3991,728,84,45,2,1693.46
3992,564,153,46,1,770.82
3993,485,196,35,2,3090.49
3994,84,74,43,5,8772.79
3995,638,88,3,3,5411.69
3996,584,85,19,2,321.88
3997,296,11,10,2,568.16
3998,236,91,27,3,499.08
3999,56,144,15,2,1415.79
4000,360,189,11,4,2566.68
